season,round,circuitId,driverId,constructorId,grid,qual_position,podium
2022,1,bahrain,leclerc,ferrari,1,1.0,1
2022,1,bahrain,sainz,ferrari,3,3.0,1
2022,1,bahrain,hamilton,mercedes,5,5.0,1
2022,1,bahrain,russell,mercedes,9,9.0,0
2022,1,bahrain,kevin_magnussen,haas,7,7.0,0
2022,1,bahrain,bottas,alfa,6,6.0,0
2022,1,bahrain,ocon,alpine,11,11.0,0
2022,1,bahrain,tsunoda,alphatauri,16,16.0,0
2022,1,bahrain,alonso,alpine,8,8.0,0
2022,1,bahrain,zhou,alfa,15,15.0,0
2022,1,bahrain,mick_schumacher,haas,12,12.0,0
2022,1,bahrain,stroll,aston_martin,19,19.0,0
2022,1,bahrain,albon,williams,14,14.0,0
2022,1,bahrain,ricciardo,mclaren,18,18.0,0
2022,1,bahrain,norris,mclaren,13,13.0,0
2022,1,bahrain,latifi,williams,20,20.0,0
2022,1,bahrain,hulkenberg,aston_martin,17,17.0,0
2022,1,bahrain,perez,red_bull,4,4.0,0
2022,1,bahrain,max_verstappen,red_bull,2,2.0,0
2022,1,bahrain,gasly,alphatauri,10,10.0,0
2022,2,jeddah,max_verstappen,red_bull,4,4.0,1
2022,2,jeddah,leclerc,ferrari,2,2.0,1
2022,2,jeddah,sainz,ferrari,3,3.0,1
2022,2,jeddah,perez,red_bull,1,1.0,0
2022,2,jeddah,russell,mercedes,6,6.0,0
2022,2,jeddah,ocon,alpine,5,5.0,0
2022,2,jeddah,norris,mclaren,11,11.0,0
2022,2,jeddah,gasly,alphatauri,9,9.0,0
2022,2,jeddah,kevin_magnussen,haas,10,10.0,0
2022,2,jeddah,hamilton,mercedes,15,16.0,0
2022,2,jeddah,zhou,alfa,12,13.0,0
2022,2,jeddah,hulkenberg,aston_martin,17,18.0,0
2022,2,jeddah,stroll,aston_martin,13,15.0,0
2022,2,jeddah,albon,williams,16,17.0,0
2022,2,jeddah,bottas,alfa,8,8.0,0
2022,2,jeddah,alonso,alpine,7,7.0,0
2022,2,jeddah,ricciardo,mclaren,14,12.0,0
2022,2,jeddah,latifi,williams,18,19.0,0
2022,2,jeddah,tsunoda,alphatauri,19,20.0,0
2022,3,albert_park,leclerc,ferrari,1,1.0,1
2022,3,albert_park,perez,red_bull,3,3.0,1
2022,3,albert_park,russell,mercedes,6,6.0,1
2022,3,albert_park,hamilton,mercedes,5,5.0,0
2022,3,albert_park,norris,mclaren,4,4.0,0
2022,3,albert_park,ricciardo,mclaren,7,7.0,0
2022,3,albert_park,ocon,alpine,8,8.0,0
2022,3,albert_park,bottas,alfa,12,12.0,0
2022,3,albert_park,gasly,alphatauri,11,11.0,0
2022,3,albert_park,albon,williams,20,16.0,0
2022,3,albert_park,zhou,alfa,14,14.0,0
2022,3,albert_park,stroll,aston_martin,19,20.0,0
2022,3,albert_park,mick_schumacher,haas,15,15.0,0
2022,3,albert_park,kevin_magnussen,haas,16,17.0,0
2022,3,albert_park,tsunoda,alphatauri,13,13.0,0
2022,3,albert_park,latifi,williams,18,19.0,0
2022,3,albert_park,alonso,alpine,10,10.0,0
2022,3,albert_park,max_verstappen,red_bull,2,2.0,0
2022,3,albert_park,vettel,aston_martin,17,18.0,0
2022,3,albert_park,sainz,ferrari,9,9.0,0
2022,4,imola,max_verstappen,red_bull,1,1.0,1
2022,4,imola,perez,red_bull,3,7.0,1
2022,4,imola,norris,mclaren,5,3.0,1
2022,4,imola,russell,mercedes,11,11.0,0
2022,4,imola,bottas,alfa,7,8.0,0
2022,4,imola,leclerc,ferrari,2,2.0,0
2022,4,imola,tsunoda,alphatauri,12,16.0,0
2022,4,imola,vettel,aston_martin,13,9.0,0
2022,4,imola,kevin_magnussen,haas,8,4.0,0
2022,4,imola,stroll,aston_martin,15,15.0,0
2022,4,imola,albon,williams,18,20.0,0
2022,4,imola,gasly,alphatauri,17,17.0,0
2022,4,imola,hamilton,mercedes,14,13.0,0
2022,4,imola,ocon,alpine,16,19.0,0
2022,4,imola,latifi,williams,19,18.0,0
2022,4,imola,mick_schumacher,haas,10,12.0,0
2022,4,imola,ricciardo,mclaren,6,6.0,0
2022,4,imola,alonso,alpine,9,5.0,0
2022,4,imola,sainz,ferrari,4,10.0,0
2022,5,miami,max_verstappen,red_bull,3,3.0,1
2022,5,miami,leclerc,ferrari,1,1.0,1
2022,5,miami,sainz,ferrari,2,2.0,1
2022,5,miami,perez,red_bull,4,4.0,0
2022,5,miami,russell,mercedes,12,12.0,0
2022,5,miami,hamilton,mercedes,6,6.0,0
2022,5,miami,bottas,alfa,5,5.0,0
2022,5,miami,ocon,alpine,20,20.0,0
2022,5,miami,albon,williams,18,18.0,0
2022,5,miami,alonso,alpine,11,11.0,0
2022,5,miami,tsunoda,alphatauri,9,9.0,0
2022,5,miami,ricciardo,mclaren,14,14.0,0
2022,5,miami,latifi,williams,19,19.0,0
2022,5,miami,mick_schumacher,haas,15,15.0,0
2022,5,miami,kevin_magnussen,haas,16,16.0,0
2022,5,miami,gasly,alphatauri,7,7.0,0
2022,5,miami,norris,mclaren,8,8.0,0
2022,5,miami,zhou,alfa,17,17.0,0
2022,6,catalunya,max_verstappen,red_bull,2,2.0,1
2022,6,catalunya,perez,red_bull,5,5.0,1
2022,6,catalunya,russell,mercedes,4,4.0,1
2022,6,catalunya,sainz,ferrari,3,3.0,0
2022,6,catalunya,hamilton,mercedes,6,6.0,0
2022,6,catalunya,bottas,alfa,7,7.0,0
2022,6,catalunya,ocon,alpine,12,12.0,0
2022,6,catalunya,norris,mclaren,11,11.0,0
2022,6,catalunya,alonso,alpine,20,17.0,0
2022,6,catalunya,tsunoda,alphatauri,13,13.0,0
2022,6,catalunya,vettel,aston_martin,16,16.0,0
2022,6,catalunya,ricciardo,mclaren,9,9.0,0
2022,6,catalunya,gasly,alphatauri,14,14.0,0
2022,6,catalunya,mick_schumacher,haas,10,10.0,0
2022,6,catalunya,stroll,aston_martin,17,18.0,0
2022,6,catalunya,latifi,williams,19,20.0,0
2022,6,catalunya,kevin_magnussen,haas,8,8.0,0
2022,6,catalunya,albon,williams,18,19.0,0
2022,6,catalunya,zhou,alfa,15,15.0,0
2022,6,catalunya,leclerc,ferrari,1,1.0,0
2022,7,monaco,perez,red_bull,3,3.0,1
2022,7,monaco,sainz,ferrari,2,2.0,1
2022,7,monaco,max_verstappen,red_bull,4,4.0,1
2022,7,monaco,leclerc,ferrari,1,1.0,0
2022,7,monaco,russell,mercedes,6,6.0,0
2022,7,monaco,norris,mclaren,5,5.0,0
2022,7,monaco,alonso,alpine,7,7.0,0
2022,7,monaco,hamilton,mercedes,8,8.0,0
2022,7,monaco,bottas,alfa,12,12.0,0
2022,7,monaco,vettel,aston_martin,9,9.0,0
2022,7,monaco,gasly,alphatauri,17,17.0,0
2022,7,monaco,ocon,alpine,10,10.0,0
2022,7,monaco,ricciardo,mclaren,14,14.0,0
2022,7,monaco,stroll,aston_martin,18,18.0,0
2022,7,monaco,latifi,williams,19,19.0,0
2022,7,monaco,zhou,alfa,20,20.0,0
2022,7,monaco,tsunoda,alphatauri,11,11.0,0
2022,7,monaco,albon,williams,16,16.0,0
2022,7,monaco,mick_schumacher,haas,15,15.0,0
2022,7,monaco,kevin_magnussen,haas,13,13.0,0
2022,8,baku,max_verstappen,red_bull,3,3.0,1
2022,8,baku,perez,red_bull,2,2.0,1
2022,8,baku,russell,mercedes,5,5.0,1
2022,8,baku,hamilton,mercedes,7,7.0,0
2022,8,baku,gasly,alphatauri,6,6.0,0
2022,8,baku,vettel,aston_martin,9,9.0,0
2022,8,baku,alonso,alpine,10,10.0,0
2022,8,baku,ricciardo,mclaren,12,12.0,0
2022,8,baku,norris,mclaren,11,11.0,0
2022,8,baku,ocon,alpine,13,13.0,0
2022,8,baku,bottas,alfa,15,15.0,0
2022,8,baku,albon,williams,17,17.0,0
2022,8,baku,tsunoda,alphatauri,8,8.0,0
2022,8,baku,mick_schumacher,haas,20,20.0,0
2022,8,baku,latifi,williams,18,18.0,0
2022,8,baku,stroll,aston_martin,19,19.0,0
2022,8,baku,kevin_magnussen,haas,16,16.0,0
2022,8,baku,zhou,alfa,14,14.0,0
2022,8,baku,leclerc,ferrari,1,1.0,0
2022,8,baku,sainz,ferrari,4,4.0,0
2022,9,villeneuve,max_verstappen,red_bull,1,1.0,1
2022,9,villeneuve,sainz,ferrari,3,3.0,1
2022,9,villeneuve,hamilton,mercedes,4,4.0,1
2022,9,villeneuve,russell,mercedes,8,8.0,0
2022,9,villeneuve,leclerc,ferrari,19,15.0,0
2022,9,villeneuve,ocon,alpine,7,7.0,0
2022,9,villeneuve,bottas,alfa,11,11.0,0
2022,9,villeneuve,zhou,alfa,10,10.0,0
2022,9,villeneuve,alonso,alpine,2,2.0,0
2022,9,villeneuve,stroll,aston_martin,17,18.0,0
2022,9,villeneuve,ricciardo,mclaren,9,9.0,0
2022,9,villeneuve,vettel,aston_martin,16,17.0,0
2022,9,villeneuve,albon,williams,12,12.0,0
2022,9,villeneuve,gasly,alphatauri,15,16.0,0
2022,9,villeneuve,norris,mclaren,14,14.0,0
2022,9,villeneuve,latifi,williams,18,19.0,0
2022,9,villeneuve,kevin_magnussen,haas,5,5.0,0
2022,9,villeneuve,tsunoda,alphatauri,20,20.0,0
2022,9,villeneuve,mick_schumacher,haas,6,6.0,0
2022,9,villeneuve,perez,red_bull,13,13.0,0
2022,10,silverstone,sainz,ferrari,1,1.0,1
2022,10,silverstone,perez,red_bull,4,4.0,1
2022,10,silverstone,hamilton,mercedes,5,5.0,1
2022,10,silverstone,leclerc,ferrari,3,3.0,0
2022,10,silverstone,alonso,alpine,7,7.0,0
2022,10,silverstone,norris,mclaren,6,6.0,0
2022,10,silverstone,max_verstappen,red_bull,2,2.0,0
2022,10,silverstone,mick_schumacher,haas,19,19.0,0
2022,10,silverstone,vettel,aston_martin,18,18.0,0
2022,10,silverstone,kevin_magnussen,haas,17,17.0,0
2022,10,silverstone,stroll,aston_martin,20,20.0,0
2022,10,silverstone,latifi,williams,10,10.0,0
2022,10,silverstone,ricciardo,mclaren,14,14.0,0
2022,10,silverstone,tsunoda,alphatauri,13,13.0,0
2022,10,silverstone,ocon,alpine,15,15.0,0
2022,10,silverstone,gasly,alphatauri,11,11.0,0
2022,10,silverstone,bottas,alfa,12,12.0,0
2022,10,silverstone,russell,mercedes,8,8.0,0
2022,10,silverstone,zhou,alfa,9,9.0,0
2022,10,silverstone,albon,williams,16,16.0,0
2022,11,red_bull_ring,leclerc,ferrari,2,2.0,1
2022,11,red_bull_ring,max_verstappen,red_bull,1,1.0,1
2022,11,red_bull_ring,hamilton,mercedes,8,9.0,1
2022,11,red_bull_ring,russell,mercedes,4,4.0,0
2022,11,red_bull_ring,ocon,alpine,6,5.0,0
2022,11,red_bull_ring,mick_schumacher,haas,9,7.0,0
2022,11,red_bull_ring,norris,mclaren,10,15.0,0
2022,11,red_bull_ring,kevin_magnussen,haas,7,6.0,0
2022,11,red_bull_ring,ricciardo,mclaren,11,16.0,0
2022,11,red_bull_ring,alonso,alpine,19,8.0,0
2022,11,red_bull_ring,albon,williams,15,11.0,0
2022,11,red_bull_ring,stroll,aston_martin,12,17.0,0
2022,11,red_bull_ring,zhou,alfa,13,18.0,0
2022,11,red_bull_ring,gasly,alphatauri,14,10.0,0
2022,11,red_bull_ring,tsunoda,alphatauri,16,14.0,0
2022,11,red_bull_ring,vettel,aston_martin,18,20.0,0
2022,11,red_bull_ring,sainz,ferrari,3,3.0,0
2022,11,red_bull_ring,latifi,williams,17,19.0,0
2022,11,red_bull_ring,perez,red_bull,5,13.0,0
2022,12,ricard,max_verstappen,red_bull,2,2.0,1
2022,12,ricard,hamilton,mercedes,4,4.0,1
2022,12,ricard,russell,mercedes,6,6.0,1
2022,12,ricard,perez,red_bull,3,3.0,0
2022,12,ricard,sainz,ferrari,19,9.0,0
2022,12,ricard,alonso,alpine,7,7.0,0
2022,12,ricard,norris,mclaren,5,5.0,0
2022,12,ricard,ocon,alpine,10,12.0,0
2022,12,ricard,ricciardo,mclaren,9,11.0,0
2022,12,ricard,stroll,aston_martin,15,17.0,0
2022,12,ricard,vettel,aston_martin,12,14.0,0
2022,12,ricard,gasly,alphatauri,14,16.0,0
2022,12,ricard,albon,williams,13,15.0,0
2022,12,ricard,bottas,alfa,11,13.0,0
2022,12,ricard,mick_schumacher,haas,17,19.0,0
2022,12,ricard,zhou,alfa,16,18.0,0
2022,12,ricard,latifi,williams,18,20.0,0
2022,12,ricard,kevin_magnussen,haas,20,10.0,0
2022,12,ricard,leclerc,ferrari,1,1.0,0
2022,12,ricard,tsunoda,alphatauri,8,8.0,0
2022,13,hungaroring,max_verstappen,red_bull,10,10.0,1
2022,13,hungaroring,hamilton,mercedes,7,7.0,1
2022,13,hungaroring,russell,mercedes,1,1.0,1
2022,13,hungaroring,sainz,ferrari,2,2.0,0
2022,13,hungaroring,perez,red_bull,11,11.0,0
2022,13,hungaroring,leclerc,ferrari,3,3.0,0
2022,13,hungaroring,norris,mclaren,4,4.0,0
2022,13,hungaroring,alonso,alpine,6,6.0,0
2022,13,hungaroring,ocon,alpine,5,5.0,0
2022,13,hungaroring,vettel,aston_martin,18,18.0,0
2022,13,hungaroring,stroll,aston_martin,14,14.0,0
2022,13,hungaroring,zhou,alfa,12,12.0,0
2022,13,hungaroring,mick_schumacher,haas,15,15.0,0
2022,13,hungaroring,ricciardo,mclaren,9,9.0,0
2022,13,hungaroring,kevin_magnussen,haas,13,13.0,0
2022,13,hungaroring,albon,williams,17,17.0,0
2022,13,hungaroring,latifi,williams,19,20.0,0
2022,13,hungaroring,tsunoda,alphatauri,16,16.0,0
2022,13,hungaroring,bottas,alfa,8,8.0,0
2022,14,spa,max_verstappen,red_bull,14,1.0,1
2022,14,spa,perez,red_bull,2,3.0,1
2022,14,spa,sainz,ferrari,1,2.0,1
2022,14,spa,russell,mercedes,5,8.0,0
2022,14,spa,alonso,alpine,3,6.0,0
2022,14,spa,leclerc,ferrari,15,4.0,0
2022,14,spa,ocon,alpine,16,5.0,0
2022,14,spa,vettel,aston_martin,10,16.0,0
2022,14,spa,albon,williams,6,9.0,0
2022,14,spa,stroll,aston_martin,9,14.0,0
2022,14,spa,norris,mclaren,17,10.0,0
2022,14,spa,zhou,alfa,18,13.0,0
2022,14,spa,ricciardo,mclaren,7,11.0,0
2022,14,spa,kevin_magnussen,haas,12,18.0,0
2022,14,spa,mick_schumacher,haas,19,15.0,0
2022,14,spa,latifi,williams,11,17.0,0
2022,14,spa,bottas,alfa,13,20.0,0
2022,14,spa,hamilton,mercedes,4,7.0,0
2022,15,zandvoort,max_verstappen,red_bull,1,1.0,1
2022,15,zandvoort,russell,mercedes,6,6.0,1
2022,15,zandvoort,leclerc,ferrari,2,2.0,1
2022,15,zandvoort,hamilton,mercedes,4,4.0,0
2022,15,zandvoort,perez,red_bull,5,5.0,0
2022,15,zandvoort,alonso,alpine,13,13.0,0
2022,15,zandvoort,norris,mclaren,7,7.0,0
2022,15,zandvoort,sainz,ferrari,3,3.0,0
2022,15,zandvoort,ocon,alpine,12,12.0,0
2022,15,zandvoort,stroll,aston_martin,10,10.0,0
2022,15,zandvoort,gasly,alphatauri,11,11.0,0
2022,15,zandvoort,albon,williams,15,15.0,0
2022,15,zandvoort,mick_schumacher,haas,8,8.0,0
2022,15,zandvoort,vettel,aston_martin,19,19.0,0
2022,15,zandvoort,kevin_magnussen,haas,18,18.0,0
2022,15,zandvoort,zhou,alfa,14,14.0,0
2022,15,zandvoort,ricciardo,mclaren,17,17.0,0
2022,15,zandvoort,latifi,williams,20,20.0,0
2022,15,zandvoort,bottas,alfa,16,16.0,0
2022,15,zandvoort,tsunoda,alphatauri,9,9.0,0
2022,16,monza,max_verstappen,red_bull,7,2.0,1
2022,16,monza,leclerc,ferrari,1,1.0,1
2022,16,monza,russell,mercedes,2,6.0,1
2022,16,monza,sainz,ferrari,18,3.0,0
2022,16,monza,hamilton,mercedes,19,5.0,0
2022,16,monza,perez,red_bull,13,4.0,0
2022,16,monza,norris,mclaren,3,7.0,0
2022,16,monza,gasly,alphatauri,5,9.0,0
2022,16,monza,de_vries,williams,8,13.0,0
2022,16,monza,zhou,alfa,9,14.0,0
2022,16,monza,ocon,alpine,14,11.0,0
2022,16,monza,mick_schumacher,haas,17,20.0,0
2022,16,monza,bottas,alfa,15,12.0,0
2022,16,monza,tsunoda,alphatauri,20,15.0,0
2022,16,monza,latifi,williams,10,16.0,0
2022,16,monza,kevin_magnussen,haas,16,19.0,0
2022,16,monza,ricciardo,mclaren,4,8.0,0
2022,16,monza,stroll,aston_martin,12,18.0,0
2022,16,monza,alonso,alpine,6,10.0,0
2022,16,monza,vettel,aston_martin,11,17.0,0
2022,17,marina_bay,perez,red_bull,2,2.0,1
2022,17,marina_bay,leclerc,ferrari,1,1.0,1
2022,17,marina_bay,sainz,ferrari,4,4.0,1
2022,17,marina_bay,norris,mclaren,6,6.0,0
2022,17,marina_bay,ricciardo,mclaren,16,17.0,0
2022,17,marina_bay,stroll,aston_martin,11,12.0,0
2022,17,marina_bay,max_verstappen,red_bull,8,8.0,0
2022,17,marina_bay,vettel,aston_martin,13,14.0,0
2022,17,marina_bay,hamilton,mercedes,3,3.0,0
2022,17,marina_bay,gasly,alphatauri,7,7.0,0
2022,17,marina_bay,bottas,alfa,15,16.0,0
2022,17,marina_bay,kevin_magnussen,haas,9,9.0,0
2022,17,marina_bay,mick_schumacher,haas,12,13.0,0
2022,17,marina_bay,tsunoda,alphatauri,10,10.0,0
2022,17,marina_bay,ocon,alpine,17,18.0,0
2022,17,marina_bay,albon,williams,18,19.0,0
2022,17,marina_bay,alonso,alpine,5,5.0,0
2022,17,marina_bay,latifi,williams,19,20.0,0
2022,17,marina_bay,zhou,alfa,14,15.0,0
2022,18,suzuka,max_verstappen,red_bull,1,1.0,1
2022,18,suzuka,perez,red_bull,4,4.0,1
2022,18,suzuka,leclerc,ferrari,2,2.0,1
2022,18,suzuka,ocon,alpine,5,5.0,0
2022,18,suzuka,hamilton,mercedes,6,6.0,0
2022,18,suzuka,vettel,aston_martin,9,9.0,0
2022,18,suzuka,alonso,alpine,7,7.0,0
2022,18,suzuka,russell,mercedes,8,8.0,0
2022,18,suzuka,latifi,williams,20,20.0,0
2022,18,suzuka,norris,mclaren,10,10.0,0
2022,18,suzuka,ricciardo,mclaren,11,11.0,0
2022,18,suzuka,stroll,aston_martin,19,19.0,0
2022,18,suzuka,tsunoda,alphatauri,13,13.0,0
2022,18,suzuka,kevin_magnussen,haas,18,18.0,0
2022,18,suzuka,bottas,alfa,12,12.0,0
2022,18,suzuka,zhou,alfa,14,14.0,0
2022,18,suzuka,mick_schumacher,haas,15,15.0,0
2022,18,suzuka,gasly,alphatauri,17,17.0,0
2022,18,suzuka,sainz,ferrari,3,3.0,0
2022,18,suzuka,albon,williams,16,16.0,0
2022,19,americas,max_verstappen,red_bull,2,3.0,1
2022,19,americas,hamilton,mercedes,3,5.0,1
2022,19,americas,leclerc,ferrari,12,2.0,1
2022,19,americas,perez,red_bull,9,4.0,0
2022,19,americas,russell,mercedes,4,6.0,0
2022,19,americas,norris,mclaren,6,8.0,0
2022,19,americas,alonso,alpine,14,9.0,0
2022,19,americas,vettel,aston_martin,10,12.0,0
2022,19,americas,kevin_magnussen,haas,13,16.0,0
2022,19,americas,tsunoda,alphatauri,19,15.0,0
2022,19,americas,zhou,alfa,18,14.0,0
2022,19,americas,albon,williams,8,11.0,0
2022,19,americas,gasly,alphatauri,11,13.0,0
2022,19,americas,mick_schumacher,haas,16,19.0,0
2022,19,americas,ricciardo,mclaren,15,17.0,0
2022,19,americas,latifi,williams,17,20.0,0
2022,19,americas,stroll,aston_martin,5,7.0,0
2022,19,americas,bottas,alfa,7,10.0,0
2022,19,americas,sainz,ferrari,1,1.0,0
2022,20,rodriguez,max_verstappen,red_bull,1,1.0,1
2022,20,rodriguez,hamilton,mercedes,3,3.0,1
2022,20,rodriguez,perez,red_bull,4,4.0,1
2022,20,rodriguez,russell,mercedes,2,2.0,0
2022,20,rodriguez,sainz,ferrari,5,5.0,0
2022,20,rodriguez,leclerc,ferrari,7,7.0,0
2022,20,rodriguez,ricciardo,mclaren,11,11.0,0
2022,20,rodriguez,ocon,alpine,10,10.0,0
2022,20,rodriguez,norris,mclaren,8,8.0,0
2022,20,rodriguez,bottas,alfa,6,6.0,0
2022,20,rodriguez,gasly,alphatauri,14,14.0,0
2022,20,rodriguez,albon,williams,17,19.0,0
2022,20,rodriguez,zhou,alfa,12,12.0,0
2022,20,rodriguez,vettel,aston_martin,16,17.0,0
2022,20,rodriguez,stroll,aston_martin,20,18.0,0
2022,20,rodriguez,mick_schumacher,haas,15,16.0,0
2022,20,rodriguez,kevin_magnussen,haas,19,15.0,0
2022,20,rodriguez,latifi,williams,18,20.0,0
2022,20,rodriguez,alonso,alpine,9,9.0,0
2022,20,rodriguez,tsunoda,alphatauri,13,13.0,0
2022,21,interlagos,russell,mercedes,1,3.0,1
2022,21,interlagos,hamilton,mercedes,2,8.0,1
2022,21,interlagos,sainz,ferrari,7,5.0,1
2022,21,interlagos,leclerc,ferrari,5,10.0,0
2022,21,interlagos,alonso,alpine,17,7.0,0
2022,21,interlagos,max_verstappen,red_bull,3,2.0,0
2022,21,interlagos,perez,red_bull,4,9.0,0
2022,21,interlagos,ocon,alpine,16,6.0,0
2022,21,interlagos,bottas,alfa,14,18.0,0
2022,21,interlagos,stroll,aston_martin,15,15.0,0
2022,21,interlagos,vettel,aston_martin,9,13.0,0
2022,21,interlagos,zhou,alfa,13,17.0,0
2022,21,interlagos,mick_schumacher,haas,12,20.0,0
2022,21,interlagos,gasly,alphatauri,10,12.0,0
2022,21,interlagos,albon,williams,19,11.0,0
2022,21,interlagos,latifi,williams,18,16.0,0
2022,21,interlagos,norris,mclaren,6,4.0,0
2022,21,interlagos,kevin_magnussen,haas,8,1.0,0
2022,21,interlagos,ricciardo,mclaren,11,14.0,0
2022,22,yas_marina,max_verstappen,red_bull,1,1.0,1
2022,22,yas_marina,leclerc,ferrari,3,3.0,1
2022,22,yas_marina,perez,red_bull,2,2.0,1
2022,22,yas_marina,sainz,ferrari,4,4.0,0
2022,22,yas_marina,russell,mercedes,6,6.0,0
2022,22,yas_marina,norris,mclaren,7,7.0,0
2022,22,yas_marina,ocon,alpine,8,8.0,0
2022,22,yas_marina,stroll,aston_martin,14,14.0,0
2022,22,yas_marina,ricciardo,mclaren,13,10.0,0
2022,22,yas_marina,vettel,aston_martin,9,9.0,0
2022,22,yas_marina,tsunoda,alphatauri,11,12.0,0
2022,22,yas_marina,zhou,alfa,15,15.0,0
2022,22,yas_marina,albon,williams,19,19.0,0
2022,22,yas_marina,gasly,alphatauri,17,17.0,0
2022,22,yas_marina,bottas,alfa,18,18.0,0
2022,22,yas_marina,mick_schumacher,haas,12,13.0,0
2022,22,yas_marina,kevin_magnussen,haas,16,16.0,0
2022,22,yas_marina,hamilton,mercedes,5,5.0,0
2022,22,yas_marina,latifi,williams,20,20.0,0
2022,22,yas_marina,alonso,alpine,10,11.0,0
2023,1,bahrain,max_verstappen,red_bull,1,1.0,1
2023,1,bahrain,perez,red_bull,2,2.0,1
2023,1,bahrain,alonso,aston_martin,5,5.0,1
2023,1,bahrain,sainz,ferrari,4,4.0,0
2023,1,bahrain,hamilton,mercedes,7,7.0,0
2023,1,bahrain,stroll,aston_martin,8,8.0,0
2023,1,bahrain,russell,mercedes,6,6.0,0
2023,1,bahrain,bottas,alfa,12,12.0,0
2023,1,bahrain,gasly,alpine,20,20.0,0
2023,1,bahrain,albon,williams,15,15.0,0
2023,1,bahrain,tsunoda,alphatauri,14,14.0,0
2023,1,bahrain,sargeant,williams,16,16.0,0
2023,1,bahrain,kevin_magnussen,haas,17,17.0,0
2023,1,bahrain,de_vries,alphatauri,19,19.0,0
2023,1,bahrain,hulkenberg,haas,10,10.0,0
2023,1,bahrain,zhou,alfa,13,13.0,0
2023,1,bahrain,norris,mclaren,11,11.0,0
2023,1,bahrain,ocon,alpine,9,9.0,0
2023,1,bahrain,leclerc,ferrari,3,3.0,0
2023,1,bahrain,piastri,mclaren,18,18.0,0
2023,2,jeddah,perez,red_bull,1,1.0,1
2023,2,jeddah,max_verstappen,red_bull,15,15.0,1
2023,2,jeddah,alonso,aston_martin,2,3.0,1
2023,2,jeddah,russell,mercedes,3,4.0,0
2023,2,jeddah,hamilton,mercedes,7,8.0,0
2023,2,jeddah,sainz,ferrari,4,5.0,0
2023,2,jeddah,leclerc,ferrari,12,2.0,0
2023,2,jeddah,ocon,alpine,6,7.0,0
2023,2,jeddah,gasly,alpine,9,10.0,0
2023,2,jeddah,kevin_magnussen,haas,13,13.0,0
2023,2,jeddah,tsunoda,alphatauri,16,16.0,0
2023,2,jeddah,hulkenberg,haas,10,11.0,0
2023,2,jeddah,zhou,alfa,11,12.0,0
2023,2,jeddah,de_vries,alphatauri,18,18.0,0
2023,2,jeddah,piastri,mclaren,8,9.0,0
2023,2,jeddah,sargeant,williams,20,20.0,0
2023,2,jeddah,norris,mclaren,19,19.0,0
2023,2,jeddah,bottas,alfa,14,14.0,0
2023,2,jeddah,albon,williams,17,17.0,0
2023,2,jeddah,stroll,aston_martin,5,6.0,0
2023,3,albert_park,max_verstappen,red_bull,1,1.0,1
2023,3,albert_park,hamilton,mercedes,3,3.0,1
2023,3,albert_park,alonso,aston_martin,4,4.0,1
2023,3,albert_park,stroll,aston_martin,6,6.0,0
2023,3,albert_park,perez,red_bull,20,20.0,0
2023,3,albert_park,norris,mclaren,13,13.0,0
2023,3,albert_park,hulkenberg,haas,10,10.0,0
2023,3,albert_park,piastri,mclaren,16,16.0,0
2023,3,albert_park,zhou,alfa,17,17.0,0
2023,3,albert_park,tsunoda,alphatauri,12,12.0,0
2023,3,albert_park,bottas,alfa,19,19.0,0
2023,3,albert_park,sainz,ferrari,5,5.0,0
2023,3,albert_park,gasly,alpine,9,9.0,0
2023,3,albert_park,ocon,alpine,11,11.0,0
2023,3,albert_park,de_vries,alphatauri,15,15.0,0
2023,3,albert_park,sargeant,williams,18,18.0,0
2023,3,albert_park,kevin_magnussen,haas,14,14.0,0
2023,3,albert_park,russell,mercedes,2,2.0,0
2023,3,albert_park,albon,williams,8,8.0,0
2023,3,albert_park,leclerc,ferrari,7,7.0,0
2023,4,baku,perez,red_bull,3,3.0,1
2023,4,baku,max_verstappen,red_bull,2,2.0,1
2023,4,baku,leclerc,ferrari,1,1.0,1
2023,4,baku,alonso,aston_martin,6,6.0,0
2023,4,baku,sainz,ferrari,4,4.0,0
2023,4,baku,hamilton,mercedes,5,5.0,0
2023,4,baku,stroll,aston_martin,9,9.0,0
2023,4,baku,russell,mercedes,11,11.0,0
2023,4,baku,norris,mclaren,7,7.0,0
2023,4,baku,tsunoda,alphatauri,8,8.0,0
2023,4,baku,piastri,mclaren,10,10.0,0
2023,4,baku,albon,williams,12,13.0,0
2023,4,baku,kevin_magnussen,haas,16,18.0,0
2023,4,baku,gasly,alpine,17,19.0,0
2023,4,baku,ocon,alpine,19,12.0,0
2023,4,baku,sargeant,williams,14,15.0,0
2023,4,baku,hulkenberg,haas,20,17.0,0
2023,4,baku,bottas,alfa,13,14.0,0
2023,4,baku,zhou,alfa,15,16.0,0
2023,4,baku,de_vries,alphatauri,18,20.0,0
2023,5,miami,max_verstappen,red_bull,9,9.0,1
2023,5,miami,perez,red_bull,1,1.0,1
2023,5,miami,alonso,aston_martin,2,2.0,1
2023,5,miami,russell,mercedes,6,6.0,0
2023,5,miami,sainz,ferrari,3,3.0,0
2023,5,miami,hamilton,mercedes,13,13.0,0
2023,5,miami,leclerc,ferrari,7,7.0,0
2023,5,miami,gasly,alpine,5,5.0,0
2023,5,miami,ocon,alpine,8,8.0,0
2023,5,miami,kevin_magnussen,haas,4,4.0,0
2023,5,miami,tsunoda,alphatauri,17,17.0,0
2023,5,miami,stroll,aston_martin,18,18.0,0
2023,5,miami,bottas,alfa,10,10.0,0
2023,5,miami,albon,williams,11,11.0,0
2023,5,miami,hulkenberg,haas,12,12.0,0
2023,5,miami,zhou,alfa,14,14.0,0
2023,5,miami,norris,mclaren,16,16.0,0
2023,5,miami,de_vries,alphatauri,15,15.0,0
2023,5,miami,piastri,mclaren,19,19.0,0
2023,5,miami,sargeant,williams,20,20.0,0
2023,6,monaco,max_verstappen,red_bull,1,1.0,1
2023,6,monaco,alonso,aston_martin,2,2.0,1
2023,6,monaco,ocon,alpine,3,4.0,1
2023,6,monaco,hamilton,mercedes,5,6.0,0
2023,6,monaco,russell,mercedes,8,8.0,0
2023,6,monaco,leclerc,ferrari,6,3.0,0
2023,6,monaco,gasly,alpine,7,7.0,0
2023,6,monaco,sainz,ferrari,4,5.0,0
2023,6,monaco,norris,mclaren,10,10.0,0
2023,6,monaco,piastri,mclaren,11,11.0,0
2023,6,monaco,bottas,alfa,15,15.0,0
2023,6,monaco,de_vries,alphatauri,12,12.0,0
2023,6,monaco,zhou,alfa,19,19.0,0
2023,6,monaco,albon,williams,13,13.0,0
2023,6,monaco,tsunoda,alphatauri,9,9.0,0
2023,6,monaco,perez,red_bull,20,20.0,0
2023,6,monaco,hulkenberg,haas,18,18.0,0
2023,6,monaco,sargeant,williams,16,16.0,0
2023,6,monaco,kevin_magnussen,haas,17,17.0,0
2023,6,monaco,stroll,aston_martin,14,14.0,0
2023,7,catalunya,max_verstappen,red_bull,1,1.0,1
2023,7,catalunya,hamilton,mercedes,4,5.0,1
2023,7,catalunya,russell,mercedes,12,12.0,1
2023,7,catalunya,perez,red_bull,11,11.0,0
2023,7,catalunya,sainz,ferrari,2,2.0,0
2023,7,catalunya,stroll,aston_martin,5,6.0,0
2023,7,catalunya,alonso,aston_martin,8,9.0,0
2023,7,catalunya,ocon,alpine,6,7.0,0
2023,7,catalunya,zhou,alfa,13,13.0,0
2023,7,catalunya,gasly,alpine,10,4.0,0
2023,7,catalunya,leclerc,ferrari,19,19.0,0
2023,7,catalunya,tsunoda,alphatauri,15,15.0,0
2023,7,catalunya,piastri,mclaren,9,10.0,0
2023,7,catalunya,de_vries,alphatauri,14,14.0,0
2023,7,catalunya,hulkenberg,haas,7,8.0,0
2023,7,catalunya,albon,williams,18,18.0,0
2023,7,catalunya,norris,mclaren,3,3.0,0
2023,7,catalunya,kevin_magnussen,haas,17,17.0,0
2023,7,catalunya,bottas,alfa,16,16.0,0
2023,7,catalunya,sargeant,williams,20,20.0,0
2023,8,villeneuve,max_verstappen,red_bull,1,1.0,1
2023,8,villeneuve,alonso,aston_martin,2,3.0,1
2023,8,villeneuve,hamilton,mercedes,3,4.0,1
2023,8,villeneuve,leclerc,ferrari,10,11.0,0
2023,8,villeneuve,sainz,ferrari,11,8.0,0
2023,8,villeneuve,perez,red_bull,12,12.0,0
2023,8,villeneuve,albon,williams,9,10.0,0
2023,8,villeneuve,ocon,alpine,6,6.0,0
2023,8,villeneuve,stroll,aston_martin,16,13.0,0
2023,8,villeneuve,bottas,alfa,14,15.0,0
2023,8,villeneuve,piastri,mclaren,8,9.0,0
2023,8,villeneuve,gasly,alpine,15,17.0,0
2023,8,villeneuve,norris,mclaren,7,7.0,0
2023,8,villeneuve,tsunoda,alphatauri,19,16.0,0
2023,8,villeneuve,hulkenberg,haas,5,2.0,0
2023,8,villeneuve,zhou,alfa,20,20.0,0
2023,8,villeneuve,kevin_magnussen,haas,13,14.0,0
2023,8,villeneuve,de_vries,alphatauri,17,18.0,0
2023,8,villeneuve,russell,mercedes,4,5.0,0
2023,8,villeneuve,sargeant,williams,18,19.0,0
2023,9,red_bull_ring,max_verstappen,red_bull,1,1.0,1
2023,9,red_bull_ring,leclerc,ferrari,2,2.0,1
2023,9,red_bull_ring,perez,red_bull,15,15.0,1
2023,9,red_bull_ring,norris,mclaren,4,4.0,0
2023,9,red_bull_ring,alonso,aston_martin,7,7.0,0
2023,9,red_bull_ring,sainz,ferrari,3,3.0,0
2023,9,red_bull_ring,russell,mercedes,11,11.0,0
2023,9,red_bull_ring,hamilton,mercedes,5,5.0,0
2023,9,red_bull_ring,stroll,aston_martin,6,6.0,0
2023,9,red_bull_ring,gasly,alpine,9,9.0,0
2023,9,red_bull_ring,albon,williams,10,10.0,0
2023,9,red_bull_ring,zhou,alfa,17,17.0,0
2023,9,red_bull_ring,sargeant,williams,18,18.0,0
2023,9,red_bull_ring,ocon,alpine,12,12.0,0
2023,9,red_bull_ring,bottas,alfa,14,14.0,0
2023,9,red_bull_ring,piastri,mclaren,13,13.0,0
2023,9,red_bull_ring,de_vries,alphatauri,20,20.0,0
2023,9,red_bull_ring,kevin_magnussen,haas,19,19.0,0
2023,9,red_bull_ring,tsunoda,alphatauri,16,16.0,0
2023,9,red_bull_ring,hulkenberg,haas,8,8.0,0
2023,10,silverstone,max_verstappen,red_bull,1,1.0,1
2023,10,silverstone,norris,mclaren,2,2.0,1
2023,10,silverstone,hamilton,mercedes,7,7.0,1
2023,10,silverstone,piastri,mclaren,3,3.0,0
2023,10,silverstone,russell,mercedes,6,6.0,0
2023,10,silverstone,perez,red_bull,15,15.0,0
2023,10,silverstone,alonso,aston_martin,9,9.0,0
2023,10,silverstone,albon,williams,8,8.0,0
2023,10,silverstone,leclerc,ferrari,4,4.0,0
2023,10,silverstone,sainz,ferrari,5,5.0,0
2023,10,silverstone,sargeant,williams,14,14.0,0
2023,10,silverstone,bottas,alfa,20,15.0,0
2023,10,silverstone,hulkenberg,haas,11,11.0,0
2023,10,silverstone,stroll,aston_martin,12,12.0,0
2023,10,silverstone,zhou,alfa,17,17.0,0
2023,10,silverstone,tsunoda,alphatauri,16,16.0,0
2023,10,silverstone,de_vries,alphatauri,18,18.0,0
2023,10,silverstone,gasly,alpine,10,10.0,0
2023,10,silverstone,kevin_magnussen,haas,19,19.0,0
2023,10,silverstone,ocon,alpine,13,13.0,0
2023,11,hungaroring,max_verstappen,red_bull,2,2.0,1
2023,11,hungaroring,norris,mclaren,3,3.0,1
2023,11,hungaroring,perez,red_bull,9,9.0,1
2023,11,hungaroring,hamilton,mercedes,1,1.0,0
2023,11,hungaroring,piastri,mclaren,4,4.0,0
2023,11,hungaroring,russell,mercedes,18,18.0,0
2023,11,hungaroring,leclerc,ferrari,6,6.0,0
2023,11,hungaroring,sainz,ferrari,11,11.0,0
2023,11,hungaroring,alonso,aston_martin,8,8.0,0
2023,11,hungaroring,stroll,aston_martin,14,14.0,0
2023,11,hungaroring,albon,williams,16,16.0,0
2023,11,hungaroring,bottas,alfa,7,7.0,0
2023,11,hungaroring,ricciardo,alphatauri,13,13.0,0
2023,11,hungaroring,hulkenberg,haas,10,10.0,0
2023,11,hungaroring,tsunoda,alphatauri,17,17.0,0
2023,11,hungaroring,zhou,alfa,5,5.0,0
2023,11,hungaroring,kevin_magnussen,haas,19,19.0,0
2023,11,hungaroring,sargeant,williams,20,20.0,0
2023,11,hungaroring,ocon,alpine,12,12.0,0
2023,11,hungaroring,gasly,alpine,15,15.0,0
2023,12,spa,max_verstappen,red_bull,6,1.0,1
2023,12,spa,perez,red_bull,2,3.0,1
2023,12,spa,leclerc,ferrari,1,2.0,1
2023,12,spa,hamilton,mercedes,3,4.0,0
2023,12,spa,alonso,aston_martin,9,9.0,0
2023,12,spa,russell,mercedes,8,8.0,0
2023,12,spa,norris,mclaren,7,7.0,0
2023,12,spa,ocon,alpine,14,15.0,0
2023,12,spa,stroll,aston_martin,10,10.0,0
2023,12,spa,tsunoda,alphatauri,11,11.0,0
2023,12,spa,gasly,alpine,12,12.0,0
2023,12,spa,bottas,alfa,13,14.0,0
2023,12,spa,zhou,alfa,17,17.0,0
2023,12,spa,albon,williams,15,16.0,0
2023,12,spa,kevin_magnussen,haas,16,13.0,0
2023,12,spa,ricciardo,alphatauri,19,19.0,0
2023,12,spa,sargeant,williams,18,18.0,0
2023,12,spa,hulkenberg,haas,20,20.0,0
2023,12,spa,sainz,ferrari,4,5.0,0
2023,12,spa,piastri,mclaren,5,6.0,0
2023,13,zandvoort,max_verstappen,red_bull,1,1.0,1
2023,13,zandvoort,alonso,aston_martin,5,5.0,1
2023,13,zandvoort,gasly,alpine,12,12.0,1
2023,13,zandvoort,perez,red_bull,7,7.0,0
2023,13,zandvoort,sainz,ferrari,6,6.0,0
2023,13,zandvoort,hamilton,mercedes,13,13.0,0
2023,13,zandvoort,norris,mclaren,2,2.0,0
2023,13,zandvoort,albon,williams,4,4.0,0
2023,13,zandvoort,piastri,mclaren,8,8.0,0
2023,13,zandvoort,ocon,alpine,16,17.0,0
2023,13,zandvoort,stroll,aston_martin,11,11.0,0
2023,13,zandvoort,hulkenberg,haas,14,15.0,0
2023,13,zandvoort,lawson,alphatauri,19,20.0,0
2023,13,zandvoort,bottas,alfa,18,19.0,0
2023,13,zandvoort,tsunoda,alphatauri,17,14.0,0
2023,13,zandvoort,russell,mercedes,3,3.0,0
2023,13,zandvoort,zhou,alfa,15,16.0,0
2023,13,zandvoort,leclerc,ferrari,9,9.0,0
2023,13,zandvoort,sargeant,williams,10,10.0,0
2023,14,monza,max_verstappen,red_bull,2,2.0,1
2023,14,monza,perez,red_bull,5,5.0,1
2023,14,monza,sainz,ferrari,1,1.0,1
2023,14,monza,leclerc,ferrari,3,3.0,0
2023,14,monza,russell,mercedes,4,4.0,0
2023,14,monza,hamilton,mercedes,8,8.0,0
2023,14,monza,albon,williams,6,6.0,0
2023,14,monza,norris,mclaren,9,9.0,0
2023,14,monza,alonso,aston_martin,10,10.0,0
2023,14,monza,bottas,alfa,14,14.0,0
2023,14,monza,lawson,alphatauri,12,12.0,0
2023,14,monza,piastri,mclaren,7,7.0,0
2023,14,monza,sargeant,williams,15,15.0,0
2023,14,monza,zhou,alfa,16,16.0,0
2023,14,monza,gasly,alpine,17,17.0,0
2023,14,monza,stroll,aston_martin,20,20.0,0
2023,14,monza,hulkenberg,haas,13,13.0,0
2023,14,monza,kevin_magnussen,haas,19,19.0,0
2023,14,monza,ocon,alpine,18,18.0,0
2023,14,monza,tsunoda,alphatauri,11,11.0,0
2023,15,marina_bay,sainz,ferrari,1,1.0,1
2023,15,marina_bay,norris,mclaren,4,4.0,1
2023,15,marina_bay,hamilton,mercedes,5,5.0,1
2023,15,marina_bay,leclerc,ferrari,3,3.0,0
2023,15,marina_bay,max_verstappen,red_bull,11,11.0,0
2023,15,marina_bay,gasly,alpine,12,12.0,0
2023,15,marina_bay,piastri,mclaren,17,17.0,0
2023,15,marina_bay,perez,red_bull,13,13.0,0
2023,15,marina_bay,lawson,alphatauri,10,10.0,0
2023,15,marina_bay,kevin_magnussen,haas,6,6.0,0
2023,15,marina_bay,albon,williams,14,14.0,0
2023,15,marina_bay,zhou,alfa,19,19.0,0
2023,15,marina_bay,hulkenberg,haas,9,9.0,0
2023,15,marina_bay,sargeant,williams,18,18.0,0
2023,15,marina_bay,alonso,aston_martin,7,7.0,0
2023,15,marina_bay,russell,mercedes,2,2.0,0
2023,15,marina_bay,bottas,alfa,16,16.0,0
2023,15,marina_bay,ocon,alpine,8,8.0,0
2023,15,marina_bay,tsunoda,alphatauri,15,15.0,0
2023,16,suzuka,max_verstappen,red_bull,1,1.0,1
2023,16,suzuka,norris,mclaren,3,3.0,1
2023,16,suzuka,piastri,mclaren,2,2.0,1
2023,16,suzuka,leclerc,ferrari,4,4.0,0
2023,16,suzuka,hamilton,mercedes,7,7.0,0
2023,16,suzuka,sainz,ferrari,6,6.0,0
2023,16,suzuka,russell,mercedes,8,8.0,0
2023,16,suzuka,alonso,aston_martin,10,10.0,0
2023,16,suzuka,ocon,alpine,14,14.0,0
2023,16,suzuka,gasly,alpine,12,12.0,0
2023,16,suzuka,lawson,alphatauri,11,11.0,0
2023,16,suzuka,tsunoda,alphatauri,9,9.0,0
2023,16,suzuka,zhou,alfa,19,19.0,0
2023,16,suzuka,hulkenberg,haas,18,18.0,0
2023,16,suzuka,kevin_magnussen,haas,15,15.0,0
2023,16,suzuka,albon,williams,13,13.0,0
2023,16,suzuka,sargeant,williams,20,20.0,0
2023,16,suzuka,stroll,aston_martin,17,17.0,0
2023,16,suzuka,perez,red_bull,5,5.0,0
2023,16,suzuka,bottas,alfa,16,16.0,0
2023,17,losail,max_verstappen,red_bull,1,1.0,1
2023,17,losail,piastri,mclaren,6,6.0,1
2023,17,losail,norris,mclaren,10,10.0,1
2023,17,losail,russell,mercedes,2,2.0,0
2023,17,losail,leclerc,ferrari,5,5.0,0
2023,17,losail,alonso,aston_martin,4,4.0,0
2023,17,losail,ocon,alpine,8,8.0,0
2023,17,losail,bottas,alfa,9,9.0,0
2023,17,losail,zhou,alfa,19,20.0,0
2023,17,losail,perez,red_bull,20,13.0,0
2023,17,losail,stroll,aston_martin,16,17.0,0
2023,17,losail,gasly,alpine,7,7.0,0
2023,17,losail,albon,williams,13,14.0,0
2023,17,losail,kevin_magnussen,haas,18,19.0,0
2023,17,losail,tsunoda,alphatauri,11,11.0,0
2023,17,losail,hulkenberg,haas,14,15.0,0
2023,17,losail,lawson,alphatauri,17,18.0,0
2023,17,losail,sargeant,williams,15,16.0,0
2023,17,losail,hamilton,mercedes,3,3.0,0
2023,17,losail,sainz,ferrari,12,12.0,0
2023,18,americas,max_verstappen,red_bull,6,6.0,1
2023,18,americas,norris,mclaren,2,2.0,1
2023,18,americas,sainz,ferrari,4,4.0,1
2023,18,americas,perez,red_bull,9,9.0,0
2023,18,americas,russell,mercedes,5,5.0,0
2023,18,americas,gasly,alpine,7,7.0,0
2023,18,americas,stroll,aston_martin,20,19.0,0
2023,18,americas,tsunoda,alphatauri,11,11.0,0
2023,18,americas,albon,williams,15,18.0,0
2023,18,americas,sargeant,williams,16,20.0,0
2023,18,americas,hulkenberg,haas,18,16.0,0
2023,18,americas,bottas,alfa,13,13.0,0
2023,18,americas,zhou,alfa,12,12.0,0
2023,18,americas,kevin_magnussen,haas,17,14.0,0
2023,18,americas,ricciardo,alphatauri,14,15.0,0
2023,18,americas,alonso,aston_martin,19,17.0,0
2023,18,americas,piastri,mclaren,10,10.0,0
2023,18,americas,ocon,alpine,8,8.0,0
2023,18,americas,hamilton,mercedes,3,3.0,0
2023,18,americas,leclerc,ferrari,1,1.0,0
2023,19,rodriguez,max_verstappen,red_bull,3,3.0,1
2023,19,rodriguez,hamilton,mercedes,6,6.0,1
2023,19,rodriguez,leclerc,ferrari,1,1.0,1
2023,19,rodriguez,sainz,ferrari,2,2.0,0
2023,19,rodriguez,norris,mclaren,17,19.0,0
2023,19,rodriguez,russell,mercedes,8,8.0,0
2023,19,rodriguez,ricciardo,alphatauri,4,4.0,0
2023,19,rodriguez,piastri,mclaren,7,7.0,0
2023,19,rodriguez,albon,williams,14,14.0,0
2023,19,rodriguez,ocon,alpine,15,16.0,0
2023,19,rodriguez,gasly,alpine,11,11.0,0
2023,19,rodriguez,tsunoda,alphatauri,18,15.0,0
2023,19,rodriguez,hulkenberg,haas,12,12.0,0
2023,19,rodriguez,zhou,alfa,10,10.0,0
2023,19,rodriguez,bottas,alfa,9,9.0,0
2023,19,rodriguez,sargeant,williams,19,20.0,0
2023,19,rodriguez,alonso,aston_martin,13,13.0,0
2023,19,rodriguez,kevin_magnussen,haas,16,17.0,0
2023,19,rodriguez,perez,red_bull,5,5.0,0
2023,20,interlagos,max_verstappen,red_bull,1,1.0,1
2023,20,interlagos,norris,mclaren,6,7.0,1
2023,20,interlagos,alonso,aston_martin,4,4.0,1
2023,20,interlagos,perez,red_bull,9,9.0,0
2023,20,interlagos,stroll,aston_martin,3,3.0,0
2023,20,interlagos,sainz,ferrari,7,8.0,0
2023,20,interlagos,gasly,alpine,15,13.0,0
2023,20,interlagos,hamilton,mercedes,5,5.0,0
2023,20,interlagos,tsunoda,alphatauri,16,16.0,0
2023,20,interlagos,ocon,alpine,14,12.0,0
2023,20,interlagos,sargeant,williams,19,19.0,0
2023,20,interlagos,hulkenberg,haas,11,11.0,0
2023,20,interlagos,ricciardo,alphatauri,17,17.0,0
2023,20,interlagos,piastri,mclaren,10,10.0,0
2023,20,interlagos,russell,mercedes,8,6.0,0
2023,20,interlagos,bottas,alfa,18,18.0,0
2023,20,interlagos,zhou,alfa,20,20.0,0
2023,20,interlagos,kevin_magnussen,haas,12,14.0,0
2023,20,interlagos,albon,williams,13,15.0,0
2023,20,interlagos,leclerc,ferrari,2,2.0,0
2023,21,vegas,max_verstappen,red_bull,2,3.0,1
2023,21,vegas,leclerc,ferrari,1,1.0,1
2023,21,vegas,perez,red_bull,11,12.0,1
2023,21,vegas,ocon,alpine,16,17.0,0
2023,21,vegas,stroll,aston_martin,19,14.0,0
2023,21,vegas,sainz,ferrari,12,2.0,0
2023,21,vegas,hamilton,mercedes,10,11.0,0
2023,21,vegas,russell,mercedes,3,4.0,0
2023,21,vegas,alonso,aston_martin,9,10.0,0
2023,21,vegas,piastri,mclaren,18,19.0,0
2023,21,vegas,gasly,alpine,4,5.0,0
2023,21,vegas,albon,williams,5,6.0,0
2023,21,vegas,kevin_magnussen,haas,8,9.0,0
2023,21,vegas,ricciardo,alphatauri,14,15.0,0
2023,21,vegas,zhou,alfa,17,18.0,0
2023,21,vegas,sargeant,williams,6,7.0,0
2023,21,vegas,bottas,alfa,7,8.0,0
2023,21,vegas,tsunoda,alphatauri,20,20.0,0
2023,21,vegas,hulkenberg,haas,13,13.0,0
2023,21,vegas,norris,mclaren,15,16.0,0
2023,22,yas_marina,max_verstappen,red_bull,1,1.0,1
2023,22,yas_marina,leclerc,ferrari,2,2.0,1
2023,22,yas_marina,russell,mercedes,4,4.0,1
2023,22,yas_marina,perez,red_bull,9,9.0,0
2023,22,yas_marina,norris,mclaren,5,5.0,0
2023,22,yas_marina,piastri,mclaren,3,3.0,0
2023,22,yas_marina,alonso,aston_martin,7,7.0,0
2023,22,yas_marina,tsunoda,alphatauri,6,6.0,0
2023,22,yas_marina,hamilton,mercedes,11,11.0,0
2023,22,yas_marina,stroll,aston_martin,13,13.0,0
2023,22,yas_marina,ricciardo,alphatauri,15,15.0,0
2023,22,yas_marina,ocon,alpine,12,12.0,0
2023,22,yas_marina,gasly,alpine,10,10.0,0
2023,22,yas_marina,albon,williams,14,14.0,0
2023,22,yas_marina,hulkenberg,haas,8,8.0,0
2023,22,yas_marina,sargeant,williams,20,20.0,0
2023,22,yas_marina,zhou,alfa,19,19.0,0
2023,22,yas_marina,sainz,ferrari,16,16.0,0
2023,22,yas_marina,bottas,alfa,18,18.0,0
2023,22,yas_marina,kevin_magnussen,haas,17,17.0,0
2024,1,bahrain,max_verstappen,red_bull,1,1.0,1
2024,1,bahrain,perez,red_bull,5,5.0,1
2024,1,bahrain,sainz,ferrari,4,4.0,1
2024,1,bahrain,leclerc,ferrari,2,2.0,0
2024,1,bahrain,russell,mercedes,3,3.0,0
2024,1,bahrain,norris,mclaren,7,7.0,0
2024,1,bahrain,hamilton,mercedes,9,9.0,0
2024,1,bahrain,piastri,mclaren,8,8.0,0
2024,1,bahrain,alonso,aston_martin,6,6.0,0
2024,1,bahrain,stroll,aston_martin,12,12.0,0
2024,1,bahrain,zhou,sauber,17,17.0,0
2024,1,bahrain,kevin_magnussen,haas,15,15.0,0
2024,1,bahrain,ricciardo,rb,14,14.0,0
2024,1,bahrain,tsunoda,rb,11,11.0,0
2024,1,bahrain,albon,williams,13,13.0,0
2024,1,bahrain,hulkenberg,haas,10,10.0,0
2024,1,bahrain,ocon,alpine,19,19.0,0
2024,1,bahrain,gasly,alpine,20,20.0,0
2024,1,bahrain,bottas,sauber,16,16.0,0
2024,1,bahrain,sargeant,williams,18,18.0,0
2024,2,jeddah,max_verstappen,red_bull,1,1.0,1
2024,2,jeddah,perez,red_bull,3,3.0,1
2024,2,jeddah,leclerc,ferrari,2,2.0,1
2024,2,jeddah,piastri,mclaren,5,5.0,0
2024,2,jeddah,alonso,aston_martin,4,4.0,0
2024,2,jeddah,russell,mercedes,7,7.0,0
2024,2,jeddah,bearman,ferrari,11,11.0,0
2024,2,jeddah,norris,mclaren,6,6.0,0
2024,2,jeddah,hamilton,mercedes,8,8.0,0
2024,2,jeddah,hulkenberg,haas,15,15.0,0
2024,2,jeddah,albon,williams,12,12.0,0
2024,2,jeddah,kevin_magnussen,haas,13,13.0,0
2024,2,jeddah,ocon,alpine,17,17.0,0
2024,2,jeddah,sargeant,williams,19,19.0,0
2024,2,jeddah,tsunoda,rb,9,9.0,0
2024,2,jeddah,ricciardo,rb,14,14.0,0
2024,2,jeddah,bottas,sauber,16,16.0,0
2024,2,jeddah,zhou,sauber,20,20.0,0
2024,2,jeddah,stroll,aston_martin,10,10.0,0
2024,2,jeddah,gasly,alpine,18,18.0,0
2024,3,albert_park,sainz,ferrari,2,2.0,1
2024,3,albert_park,leclerc,ferrari,4,5.0,1
2024,3,albert_park,norris,mclaren,3,4.0,1
2024,3,albert_park,piastri,mclaren,5,6.0,0
2024,3,albert_park,perez,red_bull,6,3.0,0
2024,3,albert_park,stroll,aston_martin,9,9.0,0
2024,3,albert_park,tsunoda,rb,8,8.0,0
2024,3,albert_park,alonso,aston_martin,10,10.0,0
2024,3,albert_park,hulkenberg,haas,16,16.0,0
2024,3,albert_park,kevin_magnussen,haas,14,14.0,0
2024,3,albert_park,albon,williams,12,12.0,0
2024,3,albert_park,ricciardo,rb,18,18.0,0
2024,3,albert_park,gasly,alpine,17,17.0,0
2024,3,albert_park,bottas,sauber,13,13.0,0
2024,3,albert_park,zhou,sauber,19,19.0,0
2024,3,albert_park,ocon,alpine,15,15.0,0
2024,3,albert_park,russell,mercedes,7,7.0,0
2024,3,albert_park,hamilton,mercedes,11,11.0,0
2024,3,albert_park,max_verstappen,red_bull,1,1.0,0
2024,4,suzuka,max_verstappen,red_bull,1,1.0,1
2024,4,suzuka,perez,red_bull,2,2.0,1
2024,4,suzuka,sainz,ferrari,4,4.0,1
2024,4,suzuka,leclerc,ferrari,8,8.0,0
2024,4,suzuka,norris,mclaren,3,3.0,0
2024,4,suzuka,alonso,aston_martin,5,5.0,0
2024,4,suzuka,russell,mercedes,9,9.0,0
2024,4,suzuka,piastri,mclaren,6,6.0,0
2024,4,suzuka,hamilton,mercedes,7,7.0,0
2024,4,suzuka,tsunoda,rb,10,10.0,0
2024,4,suzuka,hulkenberg,haas,12,12.0,0
2024,4,suzuka,stroll,aston_martin,16,16.0,0
2024,4,suzuka,kevin_magnussen,haas,18,18.0,0
2024,4,suzuka,bottas,sauber,13,13.0,0
2024,4,suzuka,ocon,alpine,15,15.0,0
2024,4,suzuka,gasly,alpine,17,17.0,0
2024,4,suzuka,sargeant,williams,19,19.0,0
2024,4,suzuka,zhou,sauber,20,20.0,0
2024,4,suzuka,ricciardo,rb,11,11.0,0
2024,4,suzuka,albon,williams,14,14.0,0
2024,5,shanghai,max_verstappen,red_bull,1,1.0,1
2024,5,shanghai,norris,mclaren,4,4.0,1
2024,5,shanghai,perez,red_bull,2,2.0,1
2024,5,shanghai,leclerc,ferrari,6,6.0,0
2024,5,shanghai,sainz,ferrari,7,7.0,0
2024,5,shanghai,russell,mercedes,8,8.0,0
2024,5,shanghai,alonso,aston_martin,3,3.0,0
2024,5,shanghai,piastri,mclaren,5,5.0,0
2024,5,shanghai,hamilton,mercedes,18,18.0,0
2024,5,shanghai,hulkenberg,haas,9,9.0,0
2024,5,shanghai,ocon,alpine,13,13.0,0
2024,5,shanghai,albon,williams,14,14.0,0
2024,5,shanghai,gasly,alpine,15,15.0,0
2024,5,shanghai,zhou,sauber,16,16.0,0
2024,5,shanghai,stroll,aston_martin,11,11.0,0
2024,5,shanghai,kevin_magnussen,haas,17,17.0,0
2024,5,shanghai,sargeant,williams,20,20.0,0
2024,5,shanghai,ricciardo,rb,12,12.0,0
2024,5,shanghai,tsunoda,rb,19,19.0,0
2024,5,shanghai,bottas,sauber,10,10.0,0
2024,6,miami,norris,mclaren,5,5.0,1
2024,6,miami,max_verstappen,red_bull,1,1.0,1
2024,6,miami,leclerc,ferrari,2,2.0,1
2024,6,miami,perez,red_bull,4,4.0,0
2024,6,miami,sainz,ferrari,3,3.0,0
2024,6,miami,hamilton,mercedes,8,8.0,0
2024,6,miami,tsunoda,rb,10,10.0,0
2024,6,miami,russell,mercedes,7,7.0,0
2024,6,miami,alonso,aston_martin,15,15.0,0
2024,6,miami,ocon,alpine,13,13.0,0
2024,6,miami,hulkenberg,haas,9,9.0,0
2024,6,miami,gasly,alpine,12,12.0,0
2024,6,miami,piastri,mclaren,6,6.0,0
2024,6,miami,zhou,sauber,19,20.0,0
2024,6,miami,ricciardo,rb,20,18.0,0
2024,6,miami,bottas,sauber,16,16.0,0
2024,6,miami,stroll,aston_martin,11,11.0,0
2024,6,miami,albon,williams,14,14.0,0
2024,6,miami,kevin_magnussen,haas,18,19.0,0
2024,6,miami,sargeant,williams,17,17.0,0
2024,7,imola,max_verstappen,red_bull,1,1.0,1
2024,7,imola,norris,mclaren,2,3.0,1
2024,7,imola,leclerc,ferrari,3,4.0,1
2024,7,imola,piastri,mclaren,5,2.0,0
2024,7,imola,sainz,ferrari,4,5.0,0
2024,7,imola,hamilton,mercedes,8,8.0,0
2024,7,imola,russell,mercedes,6,6.0,0
2024,7,imola,perez,red_bull,11,11.0,0
2024,7,imola,stroll,aston_martin,13,13.0,0
2024,7,imola,tsunoda,rb,7,7.0,0
2024,7,imola,hulkenberg,haas,10,10.0,0
2024,7,imola,kevin_magnussen,haas,18,18.0,0
2024,7,imola,ricciardo,rb,9,9.0,0
2024,7,imola,ocon,alpine,12,12.0,0
2024,7,imola,zhou,sauber,17,17.0,0
2024,7,imola,gasly,alpine,15,15.0,0
2024,7,imola,sargeant,williams,19,20.0,0
2024,7,imola,bottas,sauber,16,16.0,0
2024,7,imola,alonso,aston_martin,20,19.0,0
2024,7,imola,albon,williams,14,14.0,0
2024,8,monaco,leclerc,ferrari,1,1.0,1
2024,8,monaco,piastri,mclaren,2,2.0,1
2024,8,monaco,sainz,ferrari,3,3.0,1
2024,8,monaco,norris,mclaren,4,4.0,0
2024,8,monaco,russell,mercedes,5,5.0,0
2024,8,monaco,max_verstappen,red_bull,6,6.0,0
2024,8,monaco,hamilton,mercedes,7,7.0,0
2024,8,monaco,tsunoda,rb,8,8.0,0
2024,8,monaco,albon,williams,9,9.0,0
2024,8,monaco,gasly,alpine,10,10.0,0
2024,8,monaco,alonso,aston_martin,14,14.0,0
2024,8,monaco,ricciardo,rb,12,12.0,0
2024,8,monaco,bottas,sauber,17,17.0,0
2024,8,monaco,stroll,aston_martin,13,13.0,0
2024,8,monaco,sargeant,williams,15,15.0,0
2024,8,monaco,zhou,sauber,18,18.0,0
2024,8,monaco,ocon,alpine,11,11.0,0
2024,8,monaco,perez,red_bull,16,16.0,0
2024,8,monaco,hulkenberg,haas,19,14.0,0
2024,8,monaco,kevin_magnussen,haas,20,15.0,0
2024,9,villeneuve,max_verstappen,red_bull,2,2.0,1
2024,9,villeneuve,norris,mclaren,3,3.0,1
2024,9,villeneuve,russell,mercedes,1,1.0,1
2024,9,villeneuve,hamilton,mercedes,7,7.0,0
2024,9,villeneuve,piastri,mclaren,4,4.0,0
2024,9,villeneuve,alonso,aston_martin,6,6.0,0
2024,9,villeneuve,stroll,aston_martin,9,9.0,0
2024,9,villeneuve,ricciardo,rb,5,5.0,0
2024,9,villeneuve,gasly,alpine,15,15.0,0
2024,9,villeneuve,ocon,alpine,18,18.0,0
2024,9,villeneuve,hulkenberg,haas,17,19.0,0
2024,9,villeneuve,kevin_magnussen,haas,14,14.0,0
2024,9,villeneuve,bottas,sauber,19,17.0,0
2024,9,villeneuve,tsunoda,rb,8,8.0,0
2024,9,villeneuve,zhou,sauber,20,20.0,0
2024,9,villeneuve,sainz,ferrari,12,12.0,0
2024,9,villeneuve,albon,williams,10,10.0,0
2024,9,villeneuve,perez,red_bull,16,16.0,0
2024,9,villeneuve,leclerc,ferrari,11,11.0,0
2024,9,villeneuve,sargeant,williams,13,13.0,0
2024,10,catalunya,max_verstappen,red_bull,2,2.0,1
2024,10,catalunya,norris,mclaren,1,1.0,1
2024,10,catalunya,hamilton,mercedes,3,3.0,1
2024,10,catalunya,russell,mercedes,4,4.0,0
2024,10,catalunya,leclerc,ferrari,5,5.0,0
2024,10,catalunya,sainz,ferrari,6,6.0,0
2024,10,catalunya,piastri,mclaren,9,10.0,0
2024,10,catalunya,perez,red_bull,11,8.0,0
2024,10,catalunya,gasly,alpine,7,7.0,0
2024,10,catalunya,ocon,alpine,8,9.0,0
2024,10,catalunya,hulkenberg,haas,13,13.0,0
2024,10,catalunya,alonso,aston_martin,10,11.0,0
2024,10,catalunya,zhou,sauber,15,15.0,0
2024,10,catalunya,stroll,aston_martin,14,14.0,0
2024,10,catalunya,ricciardo,rb,18,18.0,0
2024,10,catalunya,bottas,sauber,12,12.0,0
2024,10,catalunya,kevin_magnussen,haas,16,16.0,0
2024,10,catalunya,albon,williams,20,19.0,0
2024,10,catalunya,tsunoda,rb,17,17.0,0
2024,10,catalunya,sargeant,williams,19,20.0,0
2024,11,red_bull_ring,russell,mercedes,3,3.0,1
2024,11,red_bull_ring,piastri,mclaren,7,7.0,1
2024,11,red_bull_ring,sainz,ferrari,4,4.0,1
2024,11,red_bull_ring,hamilton,mercedes,5,5.0,0
2024,11,red_bull_ring,max_verstappen,red_bull,1,1.0,0
2024,11,red_bull_ring,hulkenberg,haas,9,9.0,0
2024,11,red_bull_ring,perez,red_bull,8,8.0,0
2024,11,red_bull_ring,kevin_magnussen,haas,12,12.0,0
2024,11,red_bull_ring,ricciardo,rb,11,11.0,0
2024,11,red_bull_ring,gasly,alpine,13,13.0,0
2024,11,red_bull_ring,leclerc,ferrari,6,6.0,0
2024,11,red_bull_ring,ocon,alpine,10,10.0,0
2024,11,red_bull_ring,stroll,aston_martin,17,17.0,0
2024,11,red_bull_ring,tsunoda,rb,14,14.0,0
2024,11,red_bull_ring,albon,williams,16,16.0,0
2024,11,red_bull_ring,bottas,sauber,18,18.0,0
2024,11,red_bull_ring,zhou,sauber,20,20.0,0
2024,11,red_bull_ring,alonso,aston_martin,15,15.0,0
2024,11,red_bull_ring,sargeant,williams,19,19.0,0
2024,11,red_bull_ring,norris,mclaren,2,2.0,0
2024,12,silverstone,hamilton,mercedes,2,2.0,1
2024,12,silverstone,max_verstappen,red_bull,4,4.0,1
2024,12,silverstone,norris,mclaren,3,3.0,1
2024,12,silverstone,piastri,mclaren,5,5.0,0
2024,12,silverstone,sainz,ferrari,7,7.0,0
2024,12,silverstone,hulkenberg,haas,6,6.0,0
2024,12,silverstone,stroll,aston_martin,8,8.0,0
2024,12,silverstone,alonso,aston_martin,10,10.0,0
2024,12,silverstone,albon,williams,9,9.0,0
2024,12,silverstone,tsunoda,rb,13,13.0,0
2024,12,silverstone,sargeant,williams,12,12.0,0
2024,12,silverstone,kevin_magnussen,haas,17,17.0,0
2024,12,silverstone,ricciardo,rb,15,15.0,0
2024,12,silverstone,leclerc,ferrari,11,11.0,0
2024,12,silverstone,bottas,sauber,16,16.0,0
2024,12,silverstone,ocon,alpine,18,18.0,0
2024,12,silverstone,perez,red_bull,20,19.0,0
2024,12,silverstone,zhou,sauber,14,14.0,0
2024,12,silverstone,russell,mercedes,1,1.0,0
2024,12,silverstone,gasly,alpine,19,20.0,0
2024,13,hungaroring,piastri,mclaren,2,2.0,1
2024,13,hungaroring,norris,mclaren,1,1.0,1
2024,13,hungaroring,hamilton,mercedes,5,5.0,1
2024,13,hungaroring,leclerc,ferrari,6,6.0,0
2024,13,hungaroring,max_verstappen,red_bull,3,3.0,0
2024,13,hungaroring,sainz,ferrari,4,4.0,0
2024,13,hungaroring,perez,red_bull,16,16.0,0
2024,13,hungaroring,russell,mercedes,17,17.0,0
2024,13,hungaroring,tsunoda,rb,10,10.0,0
2024,13,hungaroring,stroll,aston_martin,8,8.0,0
2024,13,hungaroring,alonso,aston_martin,7,7.0,0
2024,13,hungaroring,ricciardo,rb,9,9.0,0
2024,13,hungaroring,hulkenberg,haas,11,11.0,0
2024,13,hungaroring,albon,williams,13,13.0,0
2024,13,hungaroring,kevin_magnussen,haas,15,15.0,0
2024,13,hungaroring,bottas,sauber,12,12.0,0
2024,13,hungaroring,sargeant,williams,14,14.0,0
2024,13,hungaroring,ocon,alpine,19,19.0,0
2024,13,hungaroring,zhou,sauber,18,18.0,0
2024,13,hungaroring,gasly,alpine,20,20.0,0
2024,14,spa,hamilton,mercedes,3,4.0,1
2024,14,spa,piastri,mclaren,5,6.0,1
2024,14,spa,leclerc,ferrari,1,2.0,1
2024,14,spa,max_verstappen,red_bull,11,1.0,0
2024,14,spa,norris,mclaren,4,5.0,0
2024,14,spa,sainz,ferrari,7,8.0,0
2024,14,spa,perez,red_bull,2,3.0,0
2024,14,spa,alonso,aston_martin,8,9.0,0
2024,14,spa,ocon,alpine,9,10.0,0
2024,14,spa,ricciardo,rb,13,13.0,0
2024,14,spa,stroll,aston_martin,15,15.0,0
2024,14,spa,albon,williams,10,11.0,0
2024,14,spa,gasly,alpine,12,12.0,0
2024,14,spa,kevin_magnussen,haas,17,17.0,0
2024,14,spa,bottas,sauber,14,14.0,0
2024,14,spa,tsunoda,rb,20,18.0,0
2024,14,spa,sargeant,williams,18,19.0,0
2024,14,spa,hulkenberg,haas,16,16.0,0
2024,14,spa,zhou,sauber,19,20.0,0
2024,14,spa,russell,mercedes,6,7.0,0
2024,15,zandvoort,norris,mclaren,1,1.0,1
2024,15,zandvoort,max_verstappen,red_bull,2,2.0,1
2024,15,zandvoort,leclerc,ferrari,6,6.0,1
2024,15,zandvoort,piastri,mclaren,3,3.0,0
2024,15,zandvoort,sainz,ferrari,10,10.0,0
2024,15,zandvoort,perez,red_bull,5,5.0,0
2024,15,zandvoort,russell,mercedes,4,4.0,0
2024,15,zandvoort,hamilton,mercedes,14,11.0,0
2024,15,zandvoort,gasly,alpine,9,9.0,0
2024,15,zandvoort,alonso,aston_martin,7,7.0,0
2024,15,zandvoort,hulkenberg,haas,12,13.0,0
2024,15,zandvoort,ricciardo,rb,13,15.0,0
2024,15,zandvoort,stroll,aston_martin,8,8.0,0
2024,15,zandvoort,albon,williams,19,10.0,0
2024,15,zandvoort,ocon,alpine,15,16.0,0
2024,15,zandvoort,sargeant,williams,18,20.0,0
2024,15,zandvoort,tsunoda,rb,11,12.0,0
2024,15,zandvoort,kevin_magnussen,haas,20,14.0,0
2024,15,zandvoort,bottas,sauber,16,17.0,0
2024,15,zandvoort,zhou,sauber,17,18.0,0
2024,16,monza,leclerc,ferrari,4,4.0,1
2024,16,monza,piastri,mclaren,2,2.0,1
2024,16,monza,norris,mclaren,1,1.0,1
2024,16,monza,sainz,ferrari,5,5.0,0
2024,16,monza,hamilton,mercedes,6,6.0,0
2024,16,monza,max_verstappen,red_bull,7,7.0,0
2024,16,monza,russell,mercedes,3,3.0,0
2024,16,monza,perez,red_bull,8,8.0,0
2024,16,monza,albon,williams,9,9.0,0
2024,16,monza,kevin_magnussen,haas,13,13.0,0
2024,16,monza,alonso,aston_martin,11,11.0,0
2024,16,monza,colapinto,williams,18,18.0,0
2024,16,monza,ricciardo,rb,12,12.0,0
2024,16,monza,ocon,alpine,15,15.0,0
2024,16,monza,gasly,alpine,14,14.0,0
2024,16,monza,bottas,sauber,19,19.0,0
2024,16,monza,hulkenberg,haas,10,10.0,0
2024,16,monza,zhou,sauber,20,20.0,0
2024,16,monza,stroll,aston_martin,17,17.0,0
2024,16,monza,tsunoda,rb,16,16.0,0
2024,17,baku,piastri,mclaren,2,2.0,1
2024,17,baku,leclerc,ferrari,1,1.0,1
2024,17,baku,russell,mercedes,5,5.0,1
2024,17,baku,norris,mclaren,15,16.0,0
2024,17,baku,max_verstappen,red_bull,6,6.0,0
2024,17,baku,alonso,aston_martin,7,8.0,0
2024,17,baku,albon,williams,9,10.0,0
2024,17,baku,colapinto,williams,8,9.0,0
2024,17,baku,hamilton,mercedes,19,7.0,0
2024,17,baku,bearman,haas,10,11.0,0
2024,17,baku,hulkenberg,haas,12,13.0,0
2024,17,baku,gasly,alpine,18,15.0,0
2024,17,baku,ricciardo,rb,14,15.0,0
2024,17,baku,zhou,sauber,17,18.0,0
2024,17,baku,ocon,alpine,20,19.0,0
2024,17,baku,bottas,sauber,16,17.0,0
2024,17,baku,perez,red_bull,4,4.0,0
2024,17,baku,sainz,ferrari,3,3.0,0
2024,17,baku,stroll,aston_martin,13,14.0,0
2024,17,baku,tsunoda,rb,11,12.0,0
2024,18,marina_bay,norris,mclaren,1,1.0,1
2024,18,marina_bay,max_verstappen,red_bull,2,2.0,1
2024,18,marina_bay,piastri,mclaren,5,5.0,1
2024,18,marina_bay,russell,mercedes,4,4.0,0
2024,18,marina_bay,leclerc,ferrari,9,9.0,0
2024,18,marina_bay,hamilton,mercedes,3,3.0,0
2024,18,marina_bay,sainz,ferrari,10,10.0,0
2024,18,marina_bay,alonso,aston_martin,7,7.0,0
2024,18,marina_bay,hulkenberg,haas,6,6.0,0
2024,18,marina_bay,perez,red_bull,13,13.0,0
2024,18,marina_bay,colapinto,williams,12,12.0,0
2024,18,marina_bay,tsunoda,rb,8,8.0,0
2024,18,marina_bay,ocon,alpine,15,15.0,0
2024,18,marina_bay,stroll,aston_martin,17,17.0,0
2024,18,marina_bay,zhou,sauber,20,20.0,0
2024,18,marina_bay,bottas,sauber,19,19.0,0
2024,18,marina_bay,gasly,alpine,18,18.0,0
2024,18,marina_bay,ricciardo,rb,16,16.0,0
2024,18,marina_bay,kevin_magnussen,haas,14,14.0,0
2024,18,marina_bay,albon,williams,11,11.0,0
2024,19,americas,leclerc,ferrari,4,4.0,1
2024,19,americas,sainz,ferrari,3,3.0,1
2024,19,americas,max_verstappen,red_bull,2,2.0,1
2024,19,americas,norris,mclaren,1,1.0,0
2024,19,americas,piastri,mclaren,5,5.0,0
2024,19,americas,russell,mercedes,20,6.0,0
2024,19,americas,perez,red_bull,9,10.0,0
2024,19,americas,hulkenberg,haas,11,12.0,0
2024,19,americas,lawson,rb,19,15.0,0
2024,19,americas,colapinto,williams,15,17.0,0
2024,19,americas,kevin_magnussen,haas,8,9.0,0
2024,19,americas,gasly,alpine,6,7.0,0
2024,19,americas,alonso,aston_martin,7,8.0,0
2024,19,americas,tsunoda,rb,10,11.0,0
2024,19,americas,stroll,aston_martin,13,14.0,0
2024,19,americas,albon,williams,14,16.0,0
2024,19,americas,bottas,sauber,16,18.0,0
2024,19,americas,ocon,alpine,12,13.0,0
2024,19,americas,zhou,sauber,18,20.0,0
2024,19,americas,hamilton,mercedes,17,19.0,0
2024,20,rodriguez,sainz,ferrari,1,1.0,1
2024,20,rodriguez,norris,mclaren,3,3.0,1
2024,20,rodriguez,leclerc,ferrari,4,4.0,1
2024,20,rodriguez,hamilton,mercedes,6,6.0,0
2024,20,rodriguez,russell,mercedes,5,5.0,0
2024,20,rodriguez,max_verstappen,red_bull,2,2.0,0
2024,20,rodriguez,kevin_magnussen,haas,7,7.0,0
2024,20,rodriguez,piastri,mclaren,17,17.0,0
2024,20,rodriguez,hulkenberg,haas,10,10.0,0
2024,20,rodriguez,gasly,alpine,8,8.0,0
2024,20,rodriguez,stroll,aston_martin,14,14.0,0
2024,20,rodriguez,colapinto,williams,16,16.0,0
2024,20,rodriguez,bottas,sauber,15,15.0,0
2024,20,rodriguez,zhou,sauber,19,20.0,0
2024,20,rodriguez,lawson,rb,12,12.0,0
2024,20,rodriguez,perez,red_bull,18,18.0,0
2024,20,rodriguez,alonso,aston_martin,13,13.0,0
2024,20,rodriguez,albon,williams,9,9.0,0
2024,20,rodriguez,tsunoda,rb,11,11.0,0
2024,21,interlagos,max_verstappen,red_bull,17,12.0,1
2024,21,interlagos,ocon,alpine,4,4.0,1
2024,21,interlagos,gasly,alpine,13,15.0,1
2024,21,interlagos,russell,mercedes,2,2.0,0
2024,21,interlagos,leclerc,ferrari,6,6.0,0
2024,21,interlagos,norris,mclaren,1,1.0,0
2024,21,interlagos,tsunoda,rb,3,3.0,0
2024,21,interlagos,piastri,mclaren,8,8.0,0
2024,21,interlagos,lawson,rb,5,5.0,0
2024,21,interlagos,hamilton,mercedes,14,16.0,0
2024,21,interlagos,perez,red_bull,12,13.0,0
2024,21,interlagos,bearman,haas,15,17.0,0
2024,21,interlagos,bottas,sauber,11,11.0,0
2024,21,interlagos,alonso,aston_martin,9,9.0,0
2024,21,interlagos,zhou,sauber,19,20.0,0
2024,21,interlagos,sainz,ferrari,20,14.0,0
2024,21,interlagos,colapinto,williams,16,18.0,0
2024,21,interlagos,albon,williams,7,7.0,0
2024,21,interlagos,stroll,aston_martin,10,10.0,0
2024,21,interlagos,hulkenberg,haas,18,19.0,0
2024,22,vegas,russell,mercedes,1,1.0,1
2024,22,vegas,hamilton,mercedes,10,10.0,1
2024,22,vegas,sainz,ferrari,2,2.0,1
2024,22,vegas,leclerc,ferrari,4,4.0,0
2024,22,vegas,max_verstappen,red_bull,5,5.0,0
2024,22,vegas,norris,mclaren,6,6.0,0
2024,22,vegas,piastri,mclaren,8,8.0,0
2024,22,vegas,hulkenberg,haas,9,9.0,0
2024,22,vegas,tsunoda,rb,7,7.0,0
2024,22,vegas,perez,red_bull,15,16.0,0
2024,22,vegas,alonso,aston_martin,16,17.0,0
2024,22,vegas,kevin_magnussen,haas,12,12.0,0
2024,22,vegas,zhou,sauber,13,13.0,0
2024,22,vegas,colapinto,williams,20,14.0,0
2024,22,vegas,stroll,aston_martin,18,20.0,0
2024,22,vegas,lawson,rb,14,15.0,0
2024,22,vegas,ocon,alpine,11,11.0,0
2024,22,vegas,bottas,sauber,19,19.0,0
2024,22,vegas,albon,williams,17,18.0,0
2024,22,vegas,gasly,alpine,3,3.0,0
2024,23,losail,max_verstappen,red_bull,2,1.0,1
2024,23,losail,leclerc,ferrari,5,5.0,1
2024,23,losail,piastri,mclaren,4,4.0,1
2024,23,losail,russell,mercedes,1,2.0,0
2024,23,losail,gasly,alpine,11,11.0,0
2024,23,losail,sainz,ferrari,7,7.0,0
2024,23,losail,alonso,aston_martin,8,8.0,0
2024,23,losail,zhou,sauber,12,12.0,0
2024,23,losail,kevin_magnussen,haas,10,10.0,0
2024,23,losail,norris,mclaren,3,3.0,0
2024,23,losail,bottas,sauber,13,13.0,0
2024,23,losail,hamilton,mercedes,6,6.0,0
2024,23,losail,tsunoda,rb,14,14.0,0
2024,23,losail,lawson,rb,17,17.0,0
2024,23,losail,albon,williams,16,16.0,0
2024,23,losail,hulkenberg,haas,18,18.0,0
2024,23,losail,perez,red_bull,9,9.0,0
2024,23,losail,stroll,aston_martin,15,15.0,0
2024,23,losail,colapinto,williams,19,19.0,0
2024,23,losail,ocon,alpine,20,20.0,0
2024,24,yas_marina,norris,mclaren,1,1.0,1
2024,24,yas_marina,sainz,ferrari,3,3.0,1
2024,24,yas_marina,leclerc,ferrari,19,14.0,1
2024,24,yas_marina,hamilton,mercedes,16,18.0,0
2024,24,yas_marina,russell,mercedes,6,7.0,0
2024,24,yas_marina,max_verstappen,red_bull,4,5.0,0
2024,24,yas_marina,gasly,alpine,5,6.0,0
2024,24,yas_marina,hulkenberg,haas,7,4.0,0
2024,24,yas_marina,alonso,aston_martin,8,8.0,0
2024,24,yas_marina,piastri,mclaren,2,2.0,0
2024,24,yas_marina,albon,williams,18,16.0,0
2024,24,yas_marina,tsunoda,rb,11,11.0,0
2024,24,yas_marina,zhou,sauber,15,17.0,0
2024,24,yas_marina,stroll,aston_martin,13,13.0,0
2024,24,yas_marina,doohan,alpine,17,20.0,0
2024,24,yas_marina,kevin_magnussen,haas,14,15.0,0
2024,24,yas_marina,lawson,rb,12,12.0,0
2024,24,yas_marina,bottas,sauber,9,9.0,0
2024,24,yas_marina,colapinto,williams,20,19.0,0
2024,24,yas_marina,perez,red_bull,10,10.0,0
2025,1,albert_park,norris,mclaren,1,1.0,1
2025,1,albert_park,max_verstappen,red_bull,3,3.0,1
2025,1,albert_park,russell,mercedes,4,4.0,1
2025,1,albert_park,antonelli,mercedes,16,16.0,0
2025,1,albert_park,albon,williams,6,6.0,0
2025,1,albert_park,stroll,aston_martin,13,13.0,0
2025,1,albert_park,hulkenberg,sauber,17,17.0,0
2025,1,albert_park,leclerc,ferrari,7,7.0,0
2025,1,albert_park,piastri,mclaren,2,2.0,0
2025,1,albert_park,hamilton,ferrari,8,8.0,0
2025,1,albert_park,gasly,alpine,9,9.0,0
2025,1,albert_park,tsunoda,rb,5,5.0,0
2025,1,albert_park,ocon,haas,19,19.0,0
2025,1,albert_park,bearman,haas,20,20.0,0
2025,1,albert_park,lawson,red_bull,18,18.0,0
2025,1,albert_park,bortoleto,sauber,15,15.0,0
2025,1,albert_park,alonso,aston_martin,12,12.0,0
2025,1,albert_park,sainz,williams,10,10.0,0
2025,1,albert_park,doohan,alpine,14,14.0,0
2025,1,albert_park,hadjar,rb,11,11.0,0
2025,2,shanghai,piastri,mclaren,1,1.0,1
2025,2,shanghai,norris,mclaren,3,3.0,1
2025,2,shanghai,russell,mercedes,2,2.0,1
2025,2,shanghai,max_verstappen,red_bull,4,4.0,0
2025,2,shanghai,ocon,haas,11,11.0,0
2025,2,shanghai,antonelli,mercedes,8,8.0,0
2025,2,shanghai,albon,williams,10,10.0,0
2025,2,shanghai,bearman,haas,17,17.0,0
2025,2,shanghai,stroll,aston_martin,14,14.0,0
2025,2,shanghai,sainz,williams,15,15.0,0
2025,2,shanghai,hadjar,rb,7,7.0,0
2025,2,shanghai,lawson,red_bull,20,20.0,0
2025,2,shanghai,doohan,alpine,18,18.0,0
2025,2,shanghai,bortoleto,sauber,19,19.0,0
2025,2,shanghai,hulkenberg,sauber,12,12.0,0
2025,2,shanghai,tsunoda,rb,9,9.0,0
2025,2,shanghai,alonso,aston_martin,13,13.0,0
2025,2,shanghai,leclerc,ferrari,6,6.0,0
2025,2,shanghai,hamilton,ferrari,5,5.0,0
2025,2,shanghai,gasly,alpine,16,16.0,0
2025,3,suzuka,max_verstappen,red_bull,1,1.0,1
2025,3,suzuka,norris,mclaren,2,2.0,1
2025,3,suzuka,piastri,mclaren,3,3.0,1
2025,3,suzuka,leclerc,ferrari,4,4.0,0
2025,3,suzuka,russell,mercedes,5,5.0,0
2025,3,suzuka,antonelli,mercedes,6,6.0,0
2025,3,suzuka,hamilton,ferrari,8,8.0,0
2025,3,suzuka,hadjar,rb,7,7.0,0
2025,3,suzuka,albon,williams,9,9.0,0
2025,3,suzuka,bearman,haas,10,10.0,0
2025,3,suzuka,alonso,aston_martin,12,13.0,0
2025,3,suzuka,tsunoda,red_bull,14,15.0,0
2025,3,suzuka,gasly,alpine,11,11.0,0
2025,3,suzuka,sainz,williams,15,12.0,0
2025,3,suzuka,doohan,alpine,19,19.0,0
2025,3,suzuka,hulkenberg,sauber,16,16.0,0
2025,3,suzuka,lawson,rb,13,14.0,0
2025,3,suzuka,ocon,haas,18,18.0,0
2025,3,suzuka,bortoleto,sauber,17,17.0,0
2025,3,suzuka,stroll,aston_martin,20,20.0,0
2025,4,bahrain,piastri,mclaren,1,1.0,1
2025,4,bahrain,russell,mercedes,3,2.0,1
2025,4,bahrain,norris,mclaren,6,6.0,1
2025,4,bahrain,leclerc,ferrari,2,3.0,0
2025,4,bahrain,hamilton,ferrari,9,9.0,0
2025,4,bahrain,max_verstappen,red_bull,7,7.0,0
2025,4,bahrain,gasly,alpine,4,5.0,0
2025,4,bahrain,ocon,haas,14,14.0,0
2025,4,bahrain,tsunoda,red_bull,10,10.0,0
2025,4,bahrain,bearman,haas,20,20.0,0
2025,4,bahrain,antonelli,mercedes,5,4.0,0
2025,4,bahrain,albon,williams,15,15.0,0
2025,4,bahrain,hadjar,rb,12,12.0,0
2025,4,bahrain,doohan,alpine,11,11.0,0
2025,4,bahrain,alonso,aston_martin,13,13.0,0
2025,4,bahrain,lawson,rb,17,17.0,0
2025,4,bahrain,stroll,aston_martin,19,19.0,0
2025,4,bahrain,bortoleto,sauber,18,18.0,0
2025,4,bahrain,sainz,williams,8,8.0,0
2025,4,bahrain,hulkenberg,sauber,16,16.0,0
2025,5,jeddah,piastri,mclaren,2,2.0,1
2025,5,jeddah,max_verstappen,red_bull,1,1.0,1
2025,5,jeddah,leclerc,ferrari,4,4.0,1
2025,5,jeddah,norris,mclaren,10,10.0,0
2025,5,jeddah,russell,mercedes,3,3.0,0
2025,5,jeddah,antonelli,mercedes,5,5.0,0
2025,5,jeddah,hamilton,ferrari,7,7.0,0
2025,5,jeddah,sainz,williams,6,6.0,0
2025,5,jeddah,albon,williams,11,11.0,0
2025,5,jeddah,hadjar,rb,14,14.0,0
2025,5,jeddah,alonso,aston_martin,13,13.0,0
2025,5,jeddah,lawson,rb,12,12.0,0
2025,5,jeddah,bearman,haas,15,15.0,0
2025,5,jeddah,ocon,haas,19,19.0,0
2025,5,jeddah,hulkenberg,sauber,18,18.0,0
2025,5,jeddah,stroll,aston_martin,16,16.0,0
2025,5,jeddah,doohan,alpine,17,17.0,0
2025,5,jeddah,bortoleto,sauber,20,20.0,0
2025,5,jeddah,tsunoda,red_bull,8,8.0,0
2025,5,jeddah,gasly,alpine,9,9.0,0
2025,6,miami,piastri,mclaren,4,4.0,1
2025,6,miami,norris,mclaren,2,2.0,1
2025,6,miami,russell,mercedes,5,5.0,1
2025,6,miami,max_verstappen,red_bull,1,1.0,0
2025,6,miami,albon,williams,7,7.0,0
2025,6,miami,antonelli,mercedes,3,3.0,0
2025,6,miami,leclerc,ferrari,8,8.0,0
2025,6,miami,hamilton,ferrari,12,12.0,0
2025,6,miami,sainz,williams,6,6.0,0
2025,6,miami,tsunoda,red_bull,10,10.0,0
2025,6,miami,hadjar,rb,11,11.0,0
2025,6,miami,ocon,haas,9,9.0,0
2025,6,miami,gasly,alpine,20,18.0,0
2025,6,miami,hulkenberg,sauber,16,16.0,0
2025,6,miami,alonso,aston_martin,17,17.0,0
2025,6,miami,stroll,aston_martin,18,19.0,0
2025,6,miami,lawson,rb,15,15.0,0
2025,6,miami,bortoleto,sauber,13,13.0,0
2025,6,miami,bearman,haas,19,20.0,0
2025,6,miami,doohan,alpine,14,14.0,0
2025,7,imola,max_verstappen,red_bull,2,2.0,1
2025,7,imola,norris,mclaren,4,4.0,1
2025,7,imola,piastri,mclaren,1,1.0,1
2025,7,imola,hamilton,ferrari,12,12.0,0
2025,7,imola,albon,williams,7,7.0,0
2025,7,imola,leclerc,ferrari,11,11.0,0
2025,7,imola,russell,mercedes,3,3.0,0
2025,7,imola,sainz,williams,6,6.0,0
2025,7,imola,hadjar,rb,9,9.0,0
2025,7,imola,tsunoda,red_bull,20,20.0,0
2025,7,imola,alonso,aston_martin,5,5.0,0
2025,7,imola,hulkenberg,sauber,17,17.0,0
2025,7,imola,gasly,alpine,10,10.0,0
2025,7,imola,lawson,rb,15,16.0,0
2025,7,imola,stroll,aston_martin,8,8.0,0
2025,7,imola,colapinto,alpine,16,15.0,0
2025,7,imola,bearman,haas,19,19.0,0
2025,7,imola,bortoleto,sauber,14,14.0,0
2025,7,imola,antonelli,mercedes,13,13.0,0
2025,7,imola,ocon,haas,18,18.0,0
2025,8,monaco,norris,mclaren,1,1.0,1
2025,8,monaco,leclerc,ferrari,2,2.0,1
2025,8,monaco,piastri,mclaren,3,3.0,1
2025,8,monaco,max_verstappen,red_bull,4,5.0,0
2025,8,monaco,hamilton,ferrari,7,4.0,0
2025,8,monaco,hadjar,rb,5,6.0,0
2025,8,monaco,ocon,haas,8,8.0,0
2025,8,monaco,lawson,rb,9,9.0,0
2025,8,monaco,albon,williams,10,10.0,0
2025,8,monaco,sainz,williams,11,11.0,0
2025,8,monaco,russell,mercedes,14,14.0,0
2025,8,monaco,bearman,haas,20,17.0,0
2025,8,monaco,colapinto,alpine,18,20.0,0
2025,8,monaco,bortoleto,sauber,16,16.0,0
2025,8,monaco,stroll,aston_martin,19,19.0,0
2025,8,monaco,hulkenberg,sauber,13,13.0,0
2025,8,monaco,tsunoda,red_bull,12,12.0,0
2025,8,monaco,antonelli,mercedes,15,15.0,0
2025,8,monaco,alonso,aston_martin,6,7.0,0
2025,8,monaco,gasly,alpine,17,18.0,0
2025,9,catalunya,piastri,mclaren,1,1.0,1
2025,9,catalunya,norris,mclaren,2,2.0,1
2025,9,catalunya,leclerc,ferrari,7,7.0,1
2025,9,catalunya,russell,mercedes,4,4.0,0
2025,9,catalunya,hulkenberg,sauber,15,16.0,0
2025,9,catalunya,hamilton,ferrari,5,5.0,0
2025,9,catalunya,hadjar,rb,9,9.0,0
2025,9,catalunya,gasly,alpine,8,8.0,0
2025,9,catalunya,alonso,aston_martin,10,10.0,0
2025,9,catalunya,max_verstappen,red_bull,3,3.0,0
2025,9,catalunya,lawson,rb,13,13.0,0
2025,9,catalunya,bortoleto,sauber,12,12.0,0
2025,9,catalunya,tsunoda,red_bull,19,20.0,0
2025,9,catalunya,sainz,williams,17,18.0,0
2025,9,catalunya,colapinto,alpine,18,19.0,0
2025,9,catalunya,ocon,haas,16,17.0,0
2025,9,catalunya,bearman,haas,14,15.0,0
2025,9,catalunya,antonelli,mercedes,6,6.0,0
2025,9,catalunya,albon,williams,11,11.0,0
2025,10,villeneuve,russell,mercedes,1,1.0,1
2025,10,villeneuve,max_verstappen,red_bull,2,2.0,1
2025,10,villeneuve,antonelli,mercedes,4,4.0,1
2025,10,villeneuve,piastri,mclaren,3,3.0,0
2025,10,villeneuve,leclerc,ferrari,8,8.0,0
2025,10,villeneuve,hamilton,ferrari,5,5.0,0
2025,10,villeneuve,alonso,aston_martin,6,6.0,0
2025,10,villeneuve,hulkenberg,sauber,11,13.0,0
2025,10,villeneuve,ocon,haas,14,15.0,0
2025,10,villeneuve,sainz,williams,16,17.0,0
2025,10,villeneuve,bearman,haas,13,14.0,0
2025,10,villeneuve,tsunoda,red_bull,18,11.0,0
2025,10,villeneuve,colapinto,alpine,10,12.0,0
2025,10,villeneuve,bortoleto,sauber,15,16.0,0
2025,10,villeneuve,gasly,alpine,20,20.0,0
2025,10,villeneuve,hadjar,rb,12,9.0,0
2025,10,villeneuve,stroll,aston_martin,17,18.0,0
2025,10,villeneuve,norris,mclaren,7,7.0,0
2025,10,villeneuve,lawson,rb,19,19.0,0
2025,10,villeneuve,albon,williams,9,10.0,0
2025,11,red_bull_ring,norris,mclaren,1,1.0,1
2025,11,red_bull_ring,piastri,mclaren,3,3.0,1
2025,11,red_bull_ring,leclerc,ferrari,2,2.0,1
2025,11,red_bull_ring,hamilton,ferrari,4,4.0,0
2025,11,red_bull_ring,russell,mercedes,5,5.0,0
2025,11,red_bull_ring,lawson,rb,6,6.0,0
2025,11,red_bull_ring,alonso,aston_martin,11,11.0,0
2025,11,red_bull_ring,bortoleto,sauber,8,8.0,0
2025,11,red_bull_ring,hulkenberg,sauber,20,20.0,0
2025,11,red_bull_ring,ocon,haas,17,17.0,0
2025,11,red_bull_ring,bearman,haas,15,15.0,0
2025,11,red_bull_ring,hadjar,rb,13,13.0,0
2025,11,red_bull_ring,gasly,alpine,10,10.0,0
2025,11,red_bull_ring,stroll,aston_martin,16,16.0,0
2025,11,red_bull_ring,colapinto,alpine,14,14.0,0
2025,11,red_bull_ring,tsunoda,red_bull,18,18.0,0
2025,11,red_bull_ring,albon,williams,12,12.0,0
2025,11,red_bull_ring,max_verstappen,red_bull,7,7.0,0
2025,11,red_bull_ring,antonelli,mercedes,9,9.0,0
2025,11,red_bull_ring,sainz,williams,19,19.0,0
2025,12,silverstone,norris,mclaren,3,3.0,1
2025,12,silverstone,piastri,mclaren,2,2.0,1
2025,12,silverstone,hulkenberg,sauber,19,19.0,1
2025,12,silverstone,hamilton,ferrari,5,5.0,0
2025,12,silverstone,max_verstappen,red_bull,1,1.0,0
2025,12,silverstone,gasly,alpine,8,10.0,0
2025,12,silverstone,stroll,aston_martin,17,18.0,0
2025,12,silverstone,albon,williams,13,14.0,0
2025,12,silverstone,alonso,aston_martin,7,9.0,0
2025,12,silverstone,russell,mercedes,4,4.0,0
2025,12,silverstone,bearman,haas,18,8.0,0
2025,12,silverstone,sainz,williams,9,11.0,0
2025,12,silverstone,ocon,haas,14,15.0,0
2025,12,silverstone,leclerc,ferrari,6,6.0,0
2025,12,silverstone,tsunoda,red_bull,11,12.0,0
2025,12,silverstone,antonelli,mercedes,10,7.0,0
2025,12,silverstone,hadjar,rb,12,13.0,0
2025,12,silverstone,bortoleto,sauber,16,17.0,0
2025,12,silverstone,lawson,rb,15,16.0,0
2025,12,silverstone,colapinto,alpine,20,20.0,0
2025,13,spa,piastri,mclaren,2,2.0,1
2025,13,spa,norris,mclaren,1,1.0,1
2025,13,spa,leclerc,ferrari,3,3.0,1
2025,13,spa,max_verstappen,red_bull,4,4.0,0
2025,13,spa,russell,mercedes,6,6.0,0
2025,13,spa,albon,williams,5,5.0,0
2025,13,spa,hamilton,ferrari,18,16.0,0
2025,13,spa,lawson,rb,9,9.0,0
2025,13,spa,bortoleto,sauber,10,10.0,0
2025,13,spa,gasly,alpine,13,13.0,0
2025,13,spa,bearman,haas,12,12.0,0
2025,13,spa,hulkenberg,sauber,14,14.0,0
2025,13,spa,tsunoda,red_bull,7,7.0,0
2025,13,spa,stroll,aston_martin,16,20.0,0
2025,13,spa,ocon,haas,11,11.0,0
2025,13,spa,antonelli,mercedes,19,18.0,0
2025,13,spa,alonso,aston_martin,20,19.0,0
2025,13,spa,sainz,williams,17,15.0,0
2025,13,spa,colapinto,alpine,15,17.0,0
2025,13,spa,hadjar,rb,8,8.0,0
2025,14,hungaroring,norris,mclaren,3,3.0,1
2025,14,hungaroring,piastri,mclaren,2,2.0,1
2025,14,hungaroring,russell,mercedes,4,4.0,1
2025,14,hungaroring,leclerc,ferrari,1,1.0,0
2025,14,hungaroring,alonso,aston_martin,5,5.0,0
2025,14,hungaroring,bortoleto,sauber,7,7.0,0
2025,14,hungaroring,stroll,aston_martin,6,6.0,0
2025,14,hungaroring,lawson,rb,9,9.0,0
2025,14,hungaroring,max_verstappen,red_bull,8,8.0,0
2025,14,hungaroring,antonelli,mercedes,15,15.0,0
2025,14,hungaroring,hadjar,rb,10,10.0,0
2025,14,hungaroring,hamilton,ferrari,12,12.0,0
2025,14,hungaroring,hulkenberg,sauber,18,19.0,0
2025,14,hungaroring,sainz,williams,13,13.0,0
2025,14,hungaroring,albon,williams,19,20.0,0
2025,14,hungaroring,ocon,haas,17,18.0,0
2025,14,hungaroring,tsunoda,red_bull,20,16.0,0
2025,14,hungaroring,colapinto,alpine,14,14.0,0
2025,14,hungaroring,gasly,alpine,16,17.0,0
2025,14,hungaroring,bearman,haas,11,11.0,0
2025,15,zandvoort,piastri,mclaren,1,1.0,1
2025,15,zandvoort,max_verstappen,red_bull,3,3.0,1
2025,15,zandvoort,hadjar,rb,4,4.0,1
2025,15,zandvoort,russell,mercedes,5,5.0,0
2025,15,zandvoort,albon,williams,15,15.0,0
2025,15,zandvoort,bearman,haas,20,19.0,0
2025,15,zandvoort,stroll,aston_martin,19,20.0,0
2025,15,zandvoort,alonso,aston_martin,10,10.0,0
2025,15,zandvoort,tsunoda,red_bull,12,12.0,0
2025,15,zandvoort,ocon,haas,18,18.0,0
2025,15,zandvoort,colapinto,alpine,16,16.0,0
2025,15,zandvoort,lawson,rb,8,8.0,0
2025,15,zandvoort,sainz,williams,9,9.0,0
2025,15,zandvoort,hulkenberg,sauber,17,17.0,0
2025,15,zandvoort,bortoleto,sauber,13,13.0,0
2025,15,zandvoort,antonelli,mercedes,11,11.0,0
2025,15,zandvoort,gasly,alpine,14,14.0,0
2025,15,zandvoort,norris,mclaren,2,2.0,0
2025,15,zandvoort,leclerc,ferrari,6,6.0,0
2025,15,zandvoort,hamilton,ferrari,7,7.0,0
2025,16,monza,max_verstappen,red_bull,1,1.0,1
2025,16,monza,norris,mclaren,2,2.0,1
2025,16,monza,piastri,mclaren,3,3.0,1
2025,16,monza,leclerc,ferrari,4,4.0,0
2025,16,monza,russell,mercedes,5,6.0,0
2025,16,monza,hamilton,ferrari,10,5.0,0
2025,16,monza,albon,williams,14,14.0,0
2025,16,monza,bortoleto,sauber,7,8.0,0
2025,16,monza,antonelli,mercedes,6,7.0,0
2025,16,monza,hadjar,rb,19,16.0,0
2025,16,monza,sainz,williams,13,13.0,0
2025,16,monza,bearman,haas,11,11.0,0
2025,16,monza,tsunoda,red_bull,9,10.0,0
2025,16,monza,lawson,rb,18,20.0,0
2025,16,monza,ocon,haas,15,15.0,0
2025,16,monza,gasly,alpine,20,19.0,0
2025,16,monza,colapinto,alpine,17,18.0,0
2025,16,monza,stroll,aston_martin,16,17.0,0
2025,16,monza,alonso,aston_martin,8,9.0,0
2025,16,monza,hulkenberg,sauber,12,12.0,0
2025,17,baku,max_verstappen,red_bull,1,1.0,1
2025,17,baku,russell,mercedes,5,5.0,1
2025,17,baku,sainz,williams,2,2.0,1
2025,17,baku,antonelli,mercedes,4,4.0,0
2025,17,baku,lawson,rb,3,3.0,0
2025,17,baku,tsunoda,red_bull,6,6.0,0
2025,17,baku,norris,mclaren,7,7.0,0
2025,17,baku,hamilton,ferrari,12,12.0,0
2025,17,baku,leclerc,ferrari,10,10.0,0
2025,17,baku,hadjar,rb,8,8.0,0
2025,17,baku,bortoleto,sauber,13,13.0,0
2025,17,baku,bearman,haas,15,15.0,0
2025,17,baku,albon,williams,19,19.0,0
2025,17,baku,ocon,haas,20,20.0,0
2025,17,baku,alonso,aston_martin,11,11.0,0
2025,17,baku,hulkenberg,sauber,17,17.0,0
2025,17,baku,stroll,aston_martin,14,14.0,0
2025,17,baku,gasly,alpine,18,18.0,0
2025,17,baku,colapinto,alpine,16,16.0,0
2025,17,baku,piastri,mclaren,9,9.0,0
2025,18,marina_bay,russell,mercedes,1,1.0,1
2025,18,marina_bay,max_verstappen,red_bull,2,2.0,1
2025,18,marina_bay,norris,mclaren,5,5.0,1
2025,18,marina_bay,piastri,mclaren,3,3.0,0
2025,18,marina_bay,antonelli,mercedes,4,4.0,0
2025,18,marina_bay,leclerc,ferrari,7,7.0,0
2025,18,marina_bay,alonso,aston_martin,10,10.0,0
2025,18,marina_bay,hamilton,ferrari,6,6.0,0
2025,18,marina_bay,bearman,haas,9,9.0,0
2025,18,marina_bay,sainz,williams,18,20.0,0
2025,18,marina_bay,hadjar,rb,8,8.0,0
2025,18,marina_bay,tsunoda,red_bull,13,13.0,0
2025,18,marina_bay,stroll,aston_martin,15,15.0,0
2025,18,marina_bay,albon,williams,20,19.0,0
2025,18,marina_bay,lawson,rb,12,12.0,0
2025,18,marina_bay,colapinto,alpine,16,16.0,0
2025,18,marina_bay,bortoleto,sauber,14,14.0,0
2025,18,marina_bay,ocon,haas,17,17.0,0
2025,18,marina_bay,gasly,alpine,19,18.0,0
2025,18,marina_bay,hulkenberg,sauber,11,11.0,0
2025,19,americas,max_verstappen,red_bull,1,1.0,1
2025,19,americas,norris,mclaren,2,2.0,1
2025,19,americas,leclerc,ferrari,3,3.0,1
2025,19,americas,hamilton,ferrari,5,5.0,0
2025,19,americas,piastri,mclaren,6,6.0,0
2025,19,americas,russell,mercedes,4,4.0,0
2025,19,americas,tsunoda,red_bull,13,13.0,0
2025,19,americas,hulkenberg,sauber,11,11.0,0
2025,19,americas,bearman,haas,8,8.0,0
2025,19,americas,alonso,aston_martin,10,10.0,0
2025,19,americas,lawson,rb,12,12.0,0
2025,19,americas,stroll,aston_martin,19,18.0,0
2025,19,americas,antonelli,mercedes,7,7.0,0
2025,19,americas,albon,williams,18,19.0,0
2025,19,americas,ocon,haas,17,17.0,0
2025,19,americas,hadjar,rb,20,20.0,0
2025,19,americas,colapinto,alpine,15,15.0,0
2025,19,americas,bortoleto,sauber,16,16.0,0
2025,19,americas,gasly,alpine,14,14.0,0
2025,19,americas,sainz,williams,9,9.0,0
2025,20,rodriguez,norris,mclaren,1,1.0,1
2025,20,rodriguez,leclerc,ferrari,2,2.0,1
2025,20,rodriguez,max_verstappen,red_bull,5,5.0,1
2025,20,rodriguez,bearman,haas,9,10.0,0
2025,20,rodriguez,piastri,mclaren,7,8.0,0
2025,20,rodriguez,antonelli,mercedes,6,6.0,0
2025,20,rodriguez,russell,mercedes,4,4.0,0
2025,20,rodriguez,hamilton,ferrari,3,3.0,0
2025,20,rodriguez,ocon,haas,11,12.0,0
2025,20,rodriguez,bortoleto,sauber,16,16.0,0
2025,20,rodriguez,tsunoda,red_bull,10,11.0,0
2025,20,rodriguez,albon,williams,17,17.0,0
2025,20,rodriguez,hadjar,rb,8,9.0,0
2025,20,rodriguez,stroll,aston_martin,19,19.0,0
2025,20,rodriguez,gasly,alpine,18,18.0,0
2025,20,rodriguez,colapinto,alpine,20,20.0,0
2025,20,rodriguez,sainz,williams,12,7.0,0
2025,20,rodriguez,alonso,aston_martin,14,14.0,0
2025,20,rodriguez,hulkenberg,sauber,13,13.0,0
2025,20,rodriguez,lawson,rb,15,15.0,0
2025,21,interlagos,norris,mclaren,1,1.0,1
2025,21,interlagos,antonelli,mercedes,2,2.0,1
2025,21,interlagos,max_verstappen,red_bull,19,16.0,1
2025,21,interlagos,russell,mercedes,6,6.0,0
2025,21,interlagos,piastri,mclaren,4,4.0,0
2025,21,interlagos,bearman,haas,8,8.0,0
2025,21,interlagos,lawson,rb,7,7.0,0
2025,21,interlagos,hadjar,rb,5,5.0,0
2025,21,interlagos,hulkenberg,sauber,10,10.0,0
2025,21,interlagos,gasly,alpine,9,9.0,0
2025,21,interlagos,albon,williams,12,12.0,0
2025,21,interlagos,ocon,haas,20,17.0,0
2025,21,interlagos,sainz,williams,15,15.0,0
2025,21,interlagos,alonso,aston_martin,11,11.0,0
2025,21,interlagos,colapinto,alpine,16,18.0,0
2025,21,interlagos,stroll,aston_martin,14,14.0,0
2025,21,interlagos,tsunoda,red_bull,17,19.0,0
2025,21,interlagos,hamilton,ferrari,13,13.0,0
2025,21,interlagos,leclerc,ferrari,3,3.0,0
2025,21,interlagos,bortoleto,sauber,18,18.0,0
2025,22,vegas,max_verstappen,red_bull,2,2.0,1
2025,22,vegas,russell,mercedes,4,4.0,1
2025,22,vegas,antonelli,mercedes,17,17.0,1
2025,22,vegas,leclerc,ferrari,9,9.0,0
2025,22,vegas,sainz,williams,3,3.0,0
2025,22,vegas,hadjar,rb,8,8.0,0
2025,22,vegas,hulkenberg,sauber,11,11.0,0
2025,22,vegas,hamilton,ferrari,19,20.0,0
2025,22,vegas,ocon,haas,13,13.0,0
2025,22,vegas,bearman,haas,14,14.0,0
2025,22,vegas,alonso,aston_martin,7,7.0,0
2025,22,vegas,tsunoda,red_bull,20,19.0,0
2025,22,vegas,gasly,alpine,10,10.0,0
2025,22,vegas,lawson,rb,6,6.0,0
2025,22,vegas,colapinto,alpine,15,15.0,0
2025,22,vegas,albon,williams,16,16.0,0
2025,22,vegas,bortoleto,sauber,18,18.0,0
2025,22,vegas,stroll,aston_martin,12,12.0,0
2025,22,vegas,norris,mclaren,1,1.0,0
2025,22,vegas,piastri,mclaren,5,5.0,0
2025,23,losail,max_verstappen,red_bull,3,3.0,1
2025,23,losail,piastri,mclaren,1,1.0,1
2025,23,losail,sainz,williams,7,7.0,1
2025,23,losail,norris,mclaren,2,2.0,0
2025,23,losail,antonelli,mercedes,5,5.0,0
2025,23,losail,russell,mercedes,4,4.0,0
2025,23,losail,alonso,aston_martin,8,8.0,0
2025,23,losail,leclerc,ferrari,10,10.0,0
2025,23,losail,lawson,rb,12,12.0,0
2025,23,losail,tsunoda,red_bull,15,16.0,0
2025,23,losail,albon,williams,14,15.0,0
2025,23,losail,hamilton,ferrari,17,18.0,0
2025,23,losail,bortoleto,sauber,19,14.0,0
2025,23,losail,colapinto,alpine,20,20.0,0
2025,23,losail,ocon,haas,16,17.0,0
2025,23,losail,gasly,alpine,9,9.0,0
2025,23,losail,stroll,aston_martin,18,19.0,0
2025,23,losail,hadjar,rb,6,6.0,0
2025,23,losail,bearman,haas,13,13.0,0
2025,23,losail,hulkenberg,sauber,11,11.0,0
2025,24,yas_marina,max_verstappen,red_bull,1,1.0,1
2025,24,yas_marina,piastri,mclaren,3,3.0,1
2025,24,yas_marina,norris,mclaren,2,2.0,1
2025,24,yas_marina,leclerc,ferrari,5,5.0,0
2025,24,yas_marina,russell,mercedes,4,4.0,0
2025,24,yas_marina,alonso,aston_martin,6,6.0,0
2025,24,yas_marina,ocon,haas,8,8.0,0
2025,24,yas_marina,hamilton,ferrari,16,16.0,0
2025,24,yas_marina,hulkenberg,sauber,18,18.0,0
2025,24,yas_marina,stroll,aston_martin,15,15.0,0
2025,24,yas_marina,bortoleto,sauber,7,7.0,0
2025,24,yas_marina,bearman,haas,11,11.0,0
2025,24,yas_marina,sainz,williams,12,12.0,0
2025,24,yas_marina,tsunoda,red_bull,10,10.0,0
2025,24,yas_marina,antonelli,mercedes,14,14.0,0
2025,24,yas_marina,albon,williams,17,17.0,0
2025,24,yas_marina,hadjar,rb,9,9.0,0
2025,24,yas_marina,lawson,rb,13,13.0,0
2025,24,yas_marina,gasly,alpine,19,19.0,0
2025,24,yas_marina,colapinto,alpine,20,20.0,0
